"uri","name","brandName","brandFoundDate","releaseDate","osName"
"http://dbpedia.org/resource/Samsung_Galaxy_A01","Samsung Galaxy A01","Samsung Group",1938-03-01,2020-01-24,"Android"
"http://dbpedia.org/resource/Samsung_Galaxy_A01","Samsung Galaxy A01","Samsung Group",1938-03-01,2020-01-24,"Android 10"
"http://dbpedia.org/resource/Samsung_Galaxy_A01","Samsung Galaxy A01","Samsung Group",1938-03-01,2020-01-24,"Android 12"
"http://dbpedia.org/resource/Samsung_Galaxy_A02","Samsung Galaxy A02","Samsung Group",1938-03-01,2021-01-27,"Android"
"http://dbpedia.org/resource/Samsung_Galaxy_A02","Samsung Galaxy A02","Samsung Group",1938-03-01,2021-01-27,"One UI 5"
"http://dbpedia.org/resource/Samsung_Galaxy_A02s","Samsung Galaxy A02s","Samsung Group",1938-03-01,2020-11-24,"Android 10"
"http://dbpedia.org/resource/Samsung_Galaxy_A02s","Samsung Galaxy A02s","Samsung Group",1938-03-01,2020-11-24,"Android 12"
"http://dbpedia.org/resource/Samsung_Galaxy_A02s","Samsung Galaxy A02s","Samsung Group",1938-03-01,2020-11-24,"One UI 5"
"http://dbpedia.org/resource/Samsung_Galaxy_A10","Samsung Galaxy A10","Samsung Group",1938-03-01,2019-02-25,"Android"
"http://dbpedia.org/resource/Samsung_Galaxy_A11","Samsung Galaxy A11","Samsung Group",1938-03-01,2020-05-01,"Android 10"
"http://dbpedia.org/resource/Samsung_Galaxy_A12","Samsung Galaxy A12","Samsung Group",1938-03-01,2020-11-24,"One UI 5"
"http://dbpedia.org/resource/Samsung_Galaxy_A20s","Samsung Galaxy A20s","Samsung Group",1938-03-01,1923-09-19,"Android"
"http://dbpedia.org/resource/Samsung_Galaxy_A20s","Samsung Galaxy A20s","Samsung Group",1938-03-01,1923-09-19,"Android 11"
"http://dbpedia.org/resource/Samsung_Galaxy_A20s","Samsung Galaxy A20s","Samsung Group",1938-03-01,1923-09-19,"One UI 5"
"http://dbpedia.org/resource/Samsung_Galaxy_A2_Core","Samsung Galaxy A2 Core","Samsung Group",1938-03-01,2019-04-15,"Samsung Experience"
"http://dbpedia.org/resource/Samsung_Galaxy_A2_Core","Samsung Galaxy A2 Core","Samsung Group",1938-03-01,2019-04-15,"Android Oreo"
"http://dbpedia.org/resource/Samsung_Galaxy_A30","Samsung Galaxy A30","Samsung Group",1938-03-01,2019-03-02,"Android 11"
"http://dbpedia.org/resource/Samsung_Galaxy_A30","Samsung Galaxy A30","Samsung Group",1938-03-01,2019-03-02,"Android Pie"
"http://dbpedia.org/resource/Samsung_Galaxy_A31","Samsung Galaxy A31","Samsung Group",1938-03-01,2020-04-27,"Android 10"
"http://dbpedia.org/resource/Samsung_Galaxy_A31","Samsung Galaxy A31","Samsung Group",1938-03-01,2020-04-27,"Android 12"
"http://dbpedia.org/resource/Samsung_Galaxy_A41","Samsung Galaxy A41","Samsung Group",1938-03-01,2020-05-22,"Android 10"
"http://dbpedia.org/resource/Samsung_Galaxy_A42_5G","Samsung Galaxy A42 5G","Samsung Group",1938-03-01,2020-11-11,"Android 10"
"http://dbpedia.org/resource/Samsung_Galaxy_A42_5G","Samsung Galaxy A42 5G","Samsung Group",1938-03-01,2020-11-11,"Android 12"
"http://dbpedia.org/resource/Samsung_Galaxy_A50","Samsung Galaxy A50","Samsung Group",1938-03-01,2019-02-25,"Android"
"http://dbpedia.org/resource/Samsung_Galaxy_A50","Samsung Galaxy A50","Samsung Group",1938-03-01,2019-02-25,"Android 11"
"http://dbpedia.org/resource/Samsung_Galaxy_A52","Samsung Galaxy A52","Samsung Group",1938-03-01,2021-03-17,"Android 11"
"http://dbpedia.org/resource/Samsung_Galaxy_A52","Samsung Galaxy A52","Samsung Group",1938-03-01,2021-03-17,"Android 13"
"http://dbpedia.org/resource/Samsung_Galaxy_A71","Samsung Galaxy A71","Samsung Group",1938-03-01,2020-01-17,"Android 10"
"http://dbpedia.org/resource/Samsung_Galaxy_A71","Samsung Galaxy A71","Samsung Group",1938-03-01,2020-06-15,"Android 10"
"http://dbpedia.org/resource/Samsung_Galaxy_A71","Samsung Galaxy A71","Samsung Group",1938-03-01,2020-07-16,"Android 10"
"http://dbpedia.org/resource/Samsung_Galaxy_A71","Samsung Galaxy A71","Samsung Group",1938-03-01,2020-01-17,"Android 13"
"http://dbpedia.org/resource/Samsung_Galaxy_A71","Samsung Galaxy A71","Samsung Group",1938-03-01,2020-06-15,"Android 13"
"http://dbpedia.org/resource/Samsung_Galaxy_A71","Samsung Galaxy A71","Samsung Group",1938-03-01,2020-07-16,"Android 13"
"http://dbpedia.org/resource/Samsung_Galaxy_A72","Samsung Galaxy A72","Samsung Group",1938-03-01,2021-03-17,"Android 11"
"http://dbpedia.org/resource/Samsung_Galaxy_A72","Samsung Galaxy A72","Samsung Group",1938-03-01,2021-03-17,"Android 12"
"http://dbpedia.org/resource/Samsung_Galaxy_A80","Samsung Galaxy A80","Samsung Group",1938-03-01,2019-05-29,"Android"
"http://dbpedia.org/resource/Samsung_Galaxy_A80","Samsung Galaxy A80","Samsung Group",1938-03-01,2019-05-29,"Android 10"
"http://dbpedia.org/resource/Samsung_Galaxy_A90_5G","Samsung Galaxy A90 5G","Samsung Group",1938-03-01,2019-09-03,"Android"
"http://dbpedia.org/resource/Samsung_Galaxy_A90_5G","Samsung Galaxy A90 5G","Samsung Group",1938-03-01,2019-09-03,"Android 11"
"http://dbpedia.org/resource/Samsung_Galaxy_Mini_2","Samsung Galaxy Mini 2","Samsung Group",1938-03-01,2012-02-01,"Android"
"http://dbpedia.org/resource/Samsung_Galaxy_Mini_2","Samsung Galaxy Mini 2","Samsung Group",1938-03-01,2012-02-01,"Android Jelly Bean"
"http://dbpedia.org/resource/Samsung_Galaxy_J2_Core","Samsung Galaxy J2 Core",,,2018-08-24,"Samsung Experience"
"http://dbpedia.org/resource/Samsung_Galaxy_J3_(2018)","Samsung Galaxy J3 (2018)",,,2018-07-08,"Samsung Experience"
"http://dbpedia.org/resource/Samsung_Galaxy_J4","Samsung Galaxy J4",,,2018-05-22,"Samsung Experience"
"http://dbpedia.org/resource/Samsung_Galaxy_J4_Core","Samsung Galaxy J4 Core",,,2018-11-12,"Samsung Experience"
"http://dbpedia.org/resource/Samsung_Galaxy_(original)","Samsung Galaxy (original)",,,2009-06-29,"Android"
"http://dbpedia.org/resource/Samsung_Galaxy_A5_(2016)","Samsung Galaxy A5 (2016)",,,2015-12-02,"Android"
"http://dbpedia.org/resource/Samsung_Galaxy_A8_(2016)","Samsung Galaxy A8 (2016)",,,2016-09-30,"Android"
"http://dbpedia.org/resource/Samsung_Galaxy_A8_(2018)","Samsung Galaxy A8 (2018)",,,2017-12-17,"Android"
"http://dbpedia.org/resource/Samsung_Galaxy_A9_(2016)","Samsung Galaxy A9 (2016)",,,2015-12-02,"Android"
"http://dbpedia.org/resource/Samsung_Galaxy_A9_Pro_(2016)","Samsung Galaxy A9 Pro (2016)",,,2016-03-30,"Android"
"http://dbpedia.org/resource/Samsung_Galaxy_Ace","Samsung Galaxy Ace",,,2011-02-01,"Android"
"http://dbpedia.org/resource/Samsung_Galaxy_Ace_2","Samsung Galaxy Ace 2",,,2012-05-22,"Android"
"http://dbpedia.org/resource/Samsung_Galaxy_Ace_3","Samsung Galaxy Ace 3",,,2013-06-10,"Android"
"http://dbpedia.org/resource/Samsung_Galaxy_Ace_4","Samsung Galaxy Ace 4",,,2014-08-01,"Android"
"http://dbpedia.org/resource/Samsung_Galaxy_Ace_Plus","Samsung Galaxy Ace Plus",,,2012-02-28,"Android"
"http://dbpedia.org/resource/Samsung_Galaxy_Alpha","Samsung Galaxy Alpha",,,2014-08-13,"Android"
"http://dbpedia.org/resource/Samsung_Galaxy_Beam_i8530","Samsung Galaxy Beam i8530",,,2012-07-01,"Android"
"http://dbpedia.org/resource/Samsung_Galaxy_Gio","Samsung Galaxy Gio",,,2011-03-01,"Android"
"http://dbpedia.org/resource/Samsung_Galaxy_J1_(2016)","Samsung Galaxy J1 (2016)",,,2016-01-13,"Android"
"http://dbpedia.org/resource/Samsung_Galaxy_J2","Samsung Galaxy J2",,,2015-09-11,"Android"
"http://dbpedia.org/resource/Samsung_Galaxy_J2_Core","Samsung Galaxy J2 Core",,,2018-08-24,"Android"
"http://dbpedia.org/resource/Samsung_Galaxy_J3_(2016)","Samsung Galaxy J3 (2016)",,,2015-05-06,"Android"
"http://dbpedia.org/resource/Samsung_Galaxy_J3_(2018)","Samsung Galaxy J3 (2018)",,,2018-07-08,"Android"
"http://dbpedia.org/resource/Samsung_Galaxy_J3_Pro","Samsung Galaxy J3 Pro",,,2016-06-06,"Android"
"http://dbpedia.org/resource/Samsung_Galaxy_J4","Samsung Galaxy J4",,,2018-05-22,"Android"
"http://dbpedia.org/resource/Samsung_Galaxy_J4_Core","Samsung Galaxy J4 Core",,,2018-11-12,"Android"
"http://dbpedia.org/resource/Samsung_Galaxy_J5","Samsung Galaxy J5",,,2015-06-26,"Android"
"http://dbpedia.org/resource/Samsung_Galaxy_J5_Plus_(2017)","Samsung Galaxy J5 Plus (2017)",,,2017-06-26,"Android"
"http://dbpedia.org/resource/Samsung_Galaxy_J7","Samsung Galaxy J7",,,2015-06-26,"Android"
"http://dbpedia.org/resource/Samsung_Galaxy_Note_(2011_smartphone)","Samsung Galaxy Note (2011 smartphone)",,,2011-10-29,"Android"
"http://dbpedia.org/resource/Samsung_Galaxy_Note_8","Samsung Galaxy Note 8",,,2017-08-23,"Android"
"http://dbpedia.org/resource/Samsung_Galaxy_Note_II","Samsung Galaxy Note II",,,2012-09-26,"Android"
"http://dbpedia.org/resource/Samsung_Galaxy_S10","Samsung Galaxy S10",,,2019-03-04,"Android"
"http://dbpedia.org/resource/Samsung_Galaxy_S10","Samsung Galaxy S10",,,2020-01-03,"Android"
"http://dbpedia.org/resource/Samsung_Galaxy_A01_Core","Samsung Galaxy A01 Core",,,2020-08-06,"Android 10"
"http://dbpedia.org/resource/Samsung_Galaxy_A21s","Samsung Galaxy A21s",,,2020-05-15,"Android 10"
"http://dbpedia.org/resource/Samsung_Galaxy_A40","Samsung Galaxy A40",,,2019-04-10,"Android 10"
"http://dbpedia.org/resource/Samsung_Galaxy_Note_20","Samsung Galaxy Note 20",,,2020-08-21,"Android 10"
"http://dbpedia.org/resource/Samsung_Galaxy_Note_9","Samsung Galaxy Note 9",,,2018-08-09,"Android 10"
"http://dbpedia.org/resource/Samsung_Galaxy_A03","Samsung Galaxy A03",,,2021-11-26,"Android 11"
"http://dbpedia.org/resource/Samsung_Galaxy_A10s","Samsung Galaxy A10s",,,2019-08-27,"Android 11"
"http://dbpedia.org/resource/Samsung_Galaxy_A40","Samsung Galaxy A40",,,2019-04-10,"Android 11"
"http://dbpedia.org/resource/Samsung_Galaxy_F42_5G","Samsung Galaxy F42 5G",,,2021-09-29,"Android 11"
"http://dbpedia.org/resource/Samsung_Galaxy_F52_5G","Samsung Galaxy F52 5G",,,2021-05-20,"Android 11"
"http://dbpedia.org/resource/Samsung_Galaxy_M22","Samsung Galaxy M22",,,2021-09-14,"Android 11"
"http://dbpedia.org/resource/Samsung_Galaxy_M30s","Samsung Galaxy M30s",,,2026-09-18,"Android 11"
"http://dbpedia.org/resource/Samsung_Galaxy_M32","Samsung Galaxy M32",,,2021-06-21,"Android 11"
"http://dbpedia.org/resource/Samsung_Galaxy_A04","Samsung Galaxy A04",,,2022-08-24,"Android 12"
"http://dbpedia.org/resource/Samsung_Galaxy_A04","Samsung Galaxy A04",,,2022-08-31,"Android 12"
"http://dbpedia.org/resource/Samsung_Galaxy_A04","Samsung Galaxy A04",,,2022-10-21,"Android 12"
"http://dbpedia.org/resource/Samsung_Galaxy_A21s","Samsung Galaxy A21s",,,2020-05-15,"Android 12"
"http://dbpedia.org/resource/Samsung_Galaxy_A23","Samsung Galaxy A23",,,2022-03-04,"Android 12"
"http://dbpedia.org/resource/Samsung_Galaxy_A23","Samsung Galaxy A23",,,2022-08-05,"Android 12"
"http://dbpedia.org/resource/Samsung_Galaxy_A33_5G","Samsung Galaxy A33 5G",,,2022-03-17,"Android 12"
"http://dbpedia.org/resource/Samsung_Galaxy_A73_5G","Samsung Galaxy A73 5G",,,2022-03-17,"Android 12"
"http://dbpedia.org/resource/Samsung_Galaxy_F23_5G","Samsung Galaxy F23 5G",,,2022-03-08,"Android 12"
"http://dbpedia.org/resource/Samsung_Galaxy_M23_5G","Samsung Galaxy M23 5G",,,2022-03-04,"Android 12"
"http://dbpedia.org/resource/Samsung_Galaxy_M33_5G","Samsung Galaxy M33 5G",,,2022-03-04,"Android 12"
"http://dbpedia.org/resource/Samsung_Galaxy_Note_20","Samsung Galaxy Note 20",,,2020-08-21,"Android 12"
"http://dbpedia.org/resource/Samsung_Galaxy_S10","Samsung Galaxy S10",,,2019-03-04,"Android 12"
"http://dbpedia.org/resource/Samsung_Galaxy_S10","Samsung Galaxy S10",,,2020-01-03,"Android 12"
"http://dbpedia.org/resource/Samsung_Galaxy_(original)","Samsung Galaxy (original)",,,2009-06-29,"Android Donut"
"http://dbpedia.org/resource/Samsung_Galaxy_(original)","Samsung Galaxy (original)",,,2009-06-29,"Android Gingerbread"
"http://dbpedia.org/resource/Samsung_Galaxy_Gio","Samsung Galaxy Gio",,,2011-03-01,"Android Gingerbread"
"http://dbpedia.org/resource/Samsung_Galaxy_Ace_2","Samsung Galaxy Ace 2",,,2012-05-22,"Android Jelly Bean"
"http://dbpedia.org/resource/Samsung_Galaxy_Fame","Samsung Galaxy Fame",,,2013-04-23,"Android Jelly Bean"
"http://dbpedia.org/resource/Samsung_Galaxy_Grand","Samsung Galaxy Grand",,,2013-01-21,"Android Jelly Bean"
"http://dbpedia.org/resource/Samsung_Galaxy_Round","Samsung Galaxy Round",,,2013-10-09,"Android Jelly Bean"
"http://dbpedia.org/resource/Samsung_Galaxy_A7_(2015)","Samsung Galaxy A7 (2015)",,,2015-01-12,"Android KitKat"
"http://dbpedia.org/resource/Samsung_Galaxy_Ace_Plus","Samsung Galaxy Ace Plus",,,2012-02-28,"Android KitKat"
"http://dbpedia.org/resource/Samsung_Galaxy_Fame","Samsung Galaxy Fame",,,2013-04-23,"Android KitKat"
"http://dbpedia.org/resource/Samsung_Galaxy_Gio","Samsung Galaxy Gio",,,2011-03-01,"Android KitKat"
"http://dbpedia.org/resource/Samsung_Galaxy_Note_II","Samsung Galaxy Note II",,,2012-09-26,"Android KitKat"
"http://dbpedia.org/resource/Samsung_Galaxy_A7_(2015)","Samsung Galaxy A7 (2015)",,,2015-01-12,"Android Lollipop"
"http://dbpedia.org/resource/Samsung_Galaxy_A7_(2016)","Samsung Galaxy A7 (2016)",,,2015-12-02,"Android Lollipop"
"http://dbpedia.org/resource/Samsung_Galaxy_On7","Samsung Galaxy On7",,,2015-10-25,"Android Lollipop"
"http://dbpedia.org/resource/Samsung_Galaxy_On7_Pro","Samsung Galaxy On7 Pro",,,2016-10-25,"Android Lollipop"
"http://dbpedia.org/resource/Samsung_Galaxy_A7_(2016)","Samsung Galaxy A7 (2016)",,,2015-12-02,"Android Marshmallow"
"http://dbpedia.org/resource/Samsung_Galaxy_A7_(2017)","Samsung Galaxy A7 (2017)",,,2017-01-02,"Android Marshmallow"
"http://dbpedia.org/resource/Samsung_Galaxy_A6_/_A6+","Samsung Galaxy A6 / A6+",,,2018-05-02,"Android Nougat"
"http://dbpedia.org/resource/Samsung_Galaxy_A7_(2017)","Samsung Galaxy A7 (2017)",,,2017-01-02,"Android Nougat"
"http://dbpedia.org/resource/Samsung_Galaxy_Ace_4","Samsung Galaxy Ace 4",,,2014-08-01,"Android Nougat"
"http://dbpedia.org/resource/Samsung_Galaxy_A6_/_A6+","Samsung Galaxy A6 / A6+",,,2018-05-02,"Android Oreo"
"http://dbpedia.org/resource/Samsung_Galaxy_A9_(2018)","Samsung Galaxy A9 (2018)",,,2018-10-11,"Android Oreo"
"http://dbpedia.org/resource/Samsung_Galaxy_A9_(2018)","Samsung Galaxy A9 (2018)",,,2018-10-24,"Android Oreo"
"http://dbpedia.org/resource/Samsung_Galaxy_Ace_3","Samsung Galaxy Ace 3",,,2013-06-10,"Android Oreo"
"http://dbpedia.org/resource/Samsung_Galaxy_J2_Core","Samsung Galaxy J2 Core",,,2018-08-24,"Android Oreo"
"http://dbpedia.org/resource/Samsung_Galaxy_J5","Samsung Galaxy J5",,,2015-06-26,"Android Oreo"
"http://dbpedia.org/resource/Samsung_Galaxy_M20","Samsung Galaxy M20",,,2019-02-05,"Android Oreo"
"http://dbpedia.org/resource/Samsung_Galaxy_Note_9","Samsung Galaxy Note 9",,,2018-08-09,"Android Oreo"
"http://dbpedia.org/resource/Samsung_Galaxy_A40","Samsung Galaxy A40",,,2019-04-10,"Android Pie"
"http://dbpedia.org/resource/Samsung_Galaxy_A9_(2018)","Samsung Galaxy A9 (2018)",,,2018-10-11,"Android Pie"
"http://dbpedia.org/resource/Samsung_Galaxy_A9_(2018)","Samsung Galaxy A9 (2018)",,,2018-10-24,"Android Pie"
"http://dbpedia.org/resource/Samsung_Galaxy_Ace_2","Samsung Galaxy Ace 2",,,2012-05-22,"Android Pie"
"http://dbpedia.org/resource/Samsung_Galaxy_Note_8","Samsung Galaxy Note 8",,,2017-08-23,"Android Pie"
"http://dbpedia.org/resource/Samsung_Galaxy_Grand","Samsung Galaxy Grand",,,2013-01-21,"LineageOS"
"http://dbpedia.org/resource/Samsung_Galaxy_Beam_i8530","Samsung Galaxy Beam i8530",,,2012-07-01,"Samsung Touchwiz"
"http://dbpedia.org/resource/Samsung_Galaxy_J1_(2016)","Samsung Galaxy J1 (2016)",,,2016-01-13,"Samsung Touchwiz"
"http://dbpedia.org/resource/Samsung_Galaxy_J2","Samsung Galaxy J2",,,2015-09-11,"Samsung Touchwiz"
"http://dbpedia.org/resource/Samsung_Galaxy_J3_(2016)","Samsung Galaxy J3 (2016)",,,2015-05-06,"Samsung Touchwiz"
"http://dbpedia.org/resource/Samsung_Galaxy_J3_Pro","Samsung Galaxy J3 Pro",,,2016-06-06,"Samsung Touchwiz"
"http://dbpedia.org/resource/Samsung_Galaxy_A03","Samsung Galaxy A03",,,2021-11-26,"One UI 5"
"http://dbpedia.org/resource/Samsung_Galaxy_A40","Samsung Galaxy A40",,,2019-04-10,"One UI 5"
"http://dbpedia.org/resource/Samsung_Galaxy_J3_(2018)","Samsung Galaxy J3 (2018)",,,2018-07-08,"One UI 5"
"http://dbpedia.org/resource/Samsung_Galaxy_M32","Samsung Galaxy M32",,,2021-06-21,"One UI 5"
"http://dbpedia.org/resource/Samsung_Galaxy_A22_5G","Samsung Galaxy A22 5G","Samsung Group",1938-03-01,2021-06-24,
"http://dbpedia.org/resource/Samsung_Galaxy_A3_(2017)","Samsung Galaxy A3 (2017)",,,2017-01-02,
"http://dbpedia.org/resource/Samsung_Galaxy_A5_(2017)","Samsung Galaxy A5 (2017)",,,2017-01-02,
"http://dbpedia.org/resource/Samsung_Galaxy_A7_(2018)","Samsung Galaxy A7 (2018)",,,2018-09-20,
"http://dbpedia.org/resource/Samsung_Galaxy_A8s","Samsung Galaxy A8s",,,2018-12-10,
"http://dbpedia.org/resource/Samsung_Galaxy_Fit_(smartphone)","Samsung Galaxy Fit (smartphone)",,,2011-03-22,
"http://dbpedia.org/resource/Samsung_Galaxy_M10","Samsung Galaxy M10",,,2019-02-05,
"http://dbpedia.org/resource/Samsung_Galaxy_Note_3","Samsung Galaxy Note 3",,,2013-09-25,
"http://dbpedia.org/resource/Samsung_Galaxy_Note_3_Neo","Samsung Galaxy Note 3 Neo",,,2014-02-01,
"http://dbpedia.org/resource/Samsung_Galaxy_Note_7","Samsung Galaxy Note 7",,,2016-08-19,
"http://dbpedia.org/resource/Samsung_Galaxy_Note_7","Samsung Galaxy Note 7",,,2017-07-07,
"http://dbpedia.org/resource/Samsung_Galaxy_Note_Edge","Samsung Galaxy Note Edge",,,2014-09-03,
"http://dbpedia.org/resource/Samsung_Galaxy_Prevail","Samsung Galaxy Prevail",,,2011-04-11,
"http://dbpedia.org/resource/Samsung_Galaxy_J1_Nxt","Samsung Galaxy J1 Nxt","Samsung Group",1938-03-01,,"Samsung Touchwiz"
"http://dbpedia.org/resource/Samsung_Galaxy_F62","Samsung Galaxy F62","Samsung Group",1938-03-01,,"Android"
"http://dbpedia.org/resource/Samsung_Galaxy_Core_Plus","Samsung Galaxy Core Plus","Samsung Group",1938-03-01,,"Android Jelly Bean"
"http://dbpedia.org/resource/Samsung_Galaxy_J1_Nxt","Samsung Galaxy J1 Nxt","Samsung Group",1938-03-01,,"Android"
"http://dbpedia.org/resource/Samsung_Galaxy_A10e","Samsung Galaxy A10e","Samsung Group",1938-03-01,,"Android 11"
"http://dbpedia.org/resource/Samsung_Galaxy_A70","Samsung Galaxy A70","Samsung Group",1938-03-01,,"Android"
"http://dbpedia.org/resource/Samsung_Galaxy_A70","Samsung Galaxy A70","Samsung Group",1938-03-01,,"Android 10"
"http://dbpedia.org/resource/Samsung_Galaxy_A20","Samsung Galaxy A20","Samsung Group",1938-03-01,,"Android Pie"
"http://dbpedia.org/resource/Samsung_Galaxy_A20","Samsung Galaxy A20","Samsung Group",1938-03-01,,"One UI 5"
"http://dbpedia.org/resource/Samsung_Galaxy_A70","Samsung Galaxy A70","Samsung Group",1938-03-01,,"Android 11"
"http://dbpedia.org/resource/Samsung_Galaxy_J2_(2018)","Samsung Galaxy J2 (2018)",,,,"Samsung Experience"
"http://dbpedia.org/resource/Samsung_Galaxy_J3_(2017)","Samsung Galaxy J3 (2017)",,,,"Samsung Experience"
"http://dbpedia.org/resource/Samsung_Galaxy_J3_Prime","Samsung Galaxy J3 Prime",,,,"Samsung Experience"
"http://dbpedia.org/resource/Samsung_Galaxy_J4+","Samsung Galaxy J4+",,,,"Samsung Experience"
"http://dbpedia.org/resource/Samsung_Galaxy_J6+","Samsung Galaxy J6+",,,,"Samsung Experience"
"http://dbpedia.org/resource/Samsung_Galaxy_J7_2017","Samsung Galaxy J7 2017",,,,"Samsung Experience"
"http://dbpedia.org/resource/Samsung_Galaxy_J7_Prime","Samsung Galaxy J7 Prime",,,,"Samsung Experience"
"http://dbpedia.org/resource/Samsung_Galaxy_Fit_(smartwatch)","Samsung Galaxy Fit (smartwatch)",,,,"FreeRTOS"
"http://dbpedia.org/resource/Samsung_Galaxy","Samsung Galaxy",,,,"Android"
"http://dbpedia.org/resource/Samsung_Galaxy_A3_(2015)","Samsung Galaxy A3 (2015)",,,,"Android"
"http://dbpedia.org/resource/Samsung_Galaxy_A3_(2016)","Samsung Galaxy A3 (2016)",,,,"Android"
"http://dbpedia.org/resource/Samsung_Galaxy_A5_(2015)","Samsung Galaxy A5 (2015)",,,,"Android"
"http://dbpedia.org/resource/Samsung_Galaxy_A8_(2015)","Samsung Galaxy A8 (2015)",,,,"Android"
"http://dbpedia.org/resource/Samsung_Galaxy_C9_Pro","Samsung Galaxy C9 Pro",,,,"Android"
"http://dbpedia.org/resource/Samsung_Galaxy_Chat","Samsung Galaxy Chat",,,,"Android"
"http://dbpedia.org/resource/Samsung_Galaxy_Core","Samsung Galaxy Core",,,,"Android"
"http://dbpedia.org/resource/Samsung_Galaxy_Core_2","Samsung Galaxy Core 2",,,,"Android"
"http://dbpedia.org/resource/Samsung_Galaxy_Core_Advance","Samsung Galaxy Core Advance",,,,"Android"
"http://dbpedia.org/resource/Samsung_Galaxy_Core_LTE","Samsung Galaxy Core LTE",,,,"Android"
"http://dbpedia.org/resource/Samsung_Galaxy_Discover","Samsung Galaxy Discover",,,,"Android"
"http://dbpedia.org/resource/Samsung_Galaxy_E5","Samsung Galaxy E5",,,,"Android"
"http://dbpedia.org/resource/Samsung_Galaxy_E7","Samsung Galaxy E7",,,,"Android"
"http://dbpedia.org/resource/Samsung_Galaxy_Express","Samsung Galaxy Express",,,,"Android"
"http://dbpedia.org/resource/Samsung_Galaxy_Express_2","Samsung Galaxy Express 2",,,,"Android"
"http://dbpedia.org/resource/Samsung_Galaxy_Grand_Prime","Samsung Galaxy Grand Prime",,,,"Android"
"http://dbpedia.org/resource/Samsung_Galaxy_J","Samsung Galaxy J",,,,"Android"
"http://dbpedia.org/resource/Samsung_Galaxy_J1_Ace","Samsung Galaxy J1 Ace",,,,"Android"
"http://dbpedia.org/resource/Samsung_Galaxy_J1_mini_prime","Samsung Galaxy J1 mini prime",,,,"Android"
"http://dbpedia.org/resource/Samsung_Galaxy_J2_(2018)","Samsung Galaxy J2 (2018)",,,,"Android"
"http://dbpedia.org/resource/Samsung_Galaxy_J2_Prime","Samsung Galaxy J2 Prime",,,,"Android"
"http://dbpedia.org/resource/Samsung_Galaxy_J3_(2017)","Samsung Galaxy J3 (2017)",,,,"Android"
"http://dbpedia.org/resource/Samsung_Galaxy_J3_Prime","Samsung Galaxy J3 Prime",,,,"Android"
"http://dbpedia.org/resource/Samsung_Galaxy_J4+","Samsung Galaxy J4+",,,,"Android"
"http://dbpedia.org/resource/Samsung_Galaxy_J5_(2016)","Samsung Galaxy J5 (2016)",,,,"Android"
"http://dbpedia.org/resource/Samsung_Galaxy_J5_2017","Samsung Galaxy J5 2017",,,,"Android"
"http://dbpedia.org/resource/Samsung_Galaxy_J6","Samsung Galaxy J6",,,,"Android"
"http://dbpedia.org/resource/Samsung_Galaxy_J6+","Samsung Galaxy J6+",,,,"Android"
"http://dbpedia.org/resource/Samsung_Galaxy_J7_2017","Samsung Galaxy J7 2017",,,,"Android"
"http://dbpedia.org/resource/Samsung_Galaxy_J7_Prime","Samsung Galaxy J7 Prime",,,,"Android"
"http://dbpedia.org/resource/Samsung_Galaxy_J8","Samsung Galaxy J8",,,,"Android"
"http://dbpedia.org/resource/Samsung_Galaxy_J_series","Samsung Galaxy J series",,,,"Android"
"http://dbpedia.org/resource/Samsung_Galaxy_M30","Samsung Galaxy M30",,,,"Android"
"http://dbpedia.org/resource/Samsung_Galaxy_Note_10.1_2014_Edition","Samsung Galaxy Note 10.1 2014 Edition",,,,"Android"
"http://dbpedia.org/resource/Samsung_Galaxy_Note_series","Samsung Galaxy Note series",,,,"Android"
"http://dbpedia.org/resource/Samsung_Galaxy_On5","Samsung Galaxy On5",,,,"Android"
"http://dbpedia.org/resource/Samsung_Galaxy_Player","Samsung Galaxy Player",,,,"Android"
"http://dbpedia.org/resource/Samsung_Galaxy_Pocket_2","Samsung Galaxy Pocket 2",,,,"Android"
"http://dbpedia.org/resource/Samsung_Galaxy_R","Samsung Galaxy R",,,,"Android"
"http://dbpedia.org/resource/Samsung_Galaxy_M31","Samsung Galaxy M31",,,,"Android 10"
"http://dbpedia.org/resource/Samsung_Galaxy_A30s","Samsung Galaxy A30s",,,,"Android 11"
"http://dbpedia.org/resource/Samsung_Galaxy_A82_5G","Samsung Galaxy A82 5G",,,,"Android 11"
"http://dbpedia.org/resource/Samsung_Galaxy_Grand_Prime","Samsung Galaxy Grand Prime",,,,"Android 11"
"http://dbpedia.org/resource/Samsung_Galaxy_M31","Samsung Galaxy M31",,,,"Android 11"
"http://dbpedia.org/resource/Samsung_Galaxy_M52_5G","Samsung Galaxy M52 5G",,,,"Android 11"
"http://dbpedia.org/resource/Samsung_Galaxy_M31","Samsung Galaxy M31",,,,"Android 12"
"http://dbpedia.org/resource/Samsung_Galaxy_Mini","Samsung Galaxy Mini",,,,"Android Froyo"
"http://dbpedia.org/resource/Samsung_Galaxy_Mini","Samsung Galaxy Mini",,,,"Android Gingerbread"
"http://dbpedia.org/resource/Samsung_Galaxy_Note_10.1","Samsung Galaxy Note 10.1",,,,"Android Ice Cream Sandwich"
"http://dbpedia.org/resource/Samsung_Galaxy_R","Samsung Galaxy R",,,,"Android Ice Cream Sandwich"
"http://dbpedia.org/resource/Samsung_Galaxy_Discover","Samsung Galaxy Discover",,,,"Android Jelly Bean"
"http://dbpedia.org/resource/Samsung_Galaxy_Gear","Samsung Galaxy Gear",,,,"Android Jelly Bean"
"http://dbpedia.org/resource/Samsung_Galaxy_Grand_2","Samsung Galaxy Grand 2",,,,"Android Jelly Bean"
"http://dbpedia.org/resource/Samsung_Galaxy_Mega","Samsung Galaxy Mega",,,,"Android Jelly Bean"
"http://dbpedia.org/resource/Samsung_Galaxy_Mini","Samsung Galaxy Mini",,,,"Android Jelly Bean"
"http://dbpedia.org/resource/Samsung_Galaxy_Note_8.0","Samsung Galaxy Note 8.0",,,,"Android Jelly Bean"
"http://dbpedia.org/resource/Samsung_Galaxy_Core_Prime","Samsung Galaxy Core Prime",,,,"Android KitKat"
"http://dbpedia.org/resource/Samsung_Galaxy_Grand_2","Samsung Galaxy Grand 2",,,,"Android KitKat"
"http://dbpedia.org/resource/Samsung_Galaxy_Mega","Samsung Galaxy Mega",,,,"Android KitKat"
"http://dbpedia.org/resource/Samsung_Galaxy_Mega_2","Samsung Galaxy Mega 2",,,,"Android KitKat"
"http://dbpedia.org/resource/Samsung_Galaxy_Note_10.1","Samsung Galaxy Note 10.1",,,,"Android KitKat"
"http://dbpedia.org/resource/Samsung_Galaxy_Note_8.0","Samsung Galaxy Note 8.0",,,,"Android KitKat"
"http://dbpedia.org/resource/Samsung_Galaxy_Note_Pro_12.2","Samsung Galaxy Note Pro 12.2",,,,"Android KitKat"
"http://dbpedia.org/resource/Samsung_Galaxy_Player","Samsung Galaxy Player",,,,"Android KitKat"
"http://dbpedia.org/resource/Samsung_Galaxy_R","Samsung Galaxy R",,,,"Android KitKat"
"http://dbpedia.org/resource/Samsung_Galaxy_Core_Prime","Samsung Galaxy Core Prime",,,,"Android Lollipop"
"http://dbpedia.org/resource/Samsung_Galaxy_J1_Ace","Samsung Galaxy J1 Ace",,,,"Android Lollipop"
"http://dbpedia.org/resource/Samsung_Galaxy_Note_10.1_2014_Edition","Samsung Galaxy Note 10.1 2014 Edition",,,,"Android Lollipop"
"http://dbpedia.org/resource/Samsung_Galaxy_Note_Pro_12.2","Samsung Galaxy Note Pro 12.2",,,,"Android Lollipop"
"http://dbpedia.org/resource/Samsung_Galaxy_J2_(2016)","Samsung Galaxy J2 (2016)",,,,"Android Marshmallow"
"http://dbpedia.org/resource/Samsung_Galaxy_J7_(2016)","Samsung Galaxy J7 (2016)",,,,"Android Marshmallow"
"http://dbpedia.org/resource/Samsung_Galaxy_On5","Samsung Galaxy On5",,,,"Android Marshmallow"
"http://dbpedia.org/resource/Samsung_Galaxy_C5_(2017)","Samsung Galaxy C5 (2017)",,,,"Android Nougat"
"http://dbpedia.org/resource/Samsung_Galaxy_Feel","Samsung Galaxy Feel",,,,"Android Nougat"
"http://dbpedia.org/resource/Samsung_Galaxy_J7_(2016)","Samsung Galaxy J7 (2016)",,,,"Android Nougat"
"http://dbpedia.org/resource/Samsung_Galaxy_Note_10.1","Samsung Galaxy Note 10.1",,,,"Android Nougat"
"http://dbpedia.org/resource/Samsung_Galaxy_C5_(2017)","Samsung Galaxy C5 (2017)",,,,"Android Oreo"
"http://dbpedia.org/resource/Samsung_Galaxy_C9_Pro","Samsung Galaxy C9 Pro",,,,"Android Oreo"
"http://dbpedia.org/resource/Samsung_Galaxy_Feel","Samsung Galaxy Feel",,,,"Android Oreo"
"http://dbpedia.org/resource/Samsung_Galaxy_J2_(2018)","Samsung Galaxy J2 (2018)",,,,"Android Oreo"
"http://dbpedia.org/resource/Samsung_Galaxy_J7_(2016)","Samsung Galaxy J7 (2016)",,,,"Android Oreo"
"http://dbpedia.org/resource/Samsung_Galaxy_J7_Prime","Samsung Galaxy J7 Prime",,,,"Android Oreo"
"http://dbpedia.org/resource/Samsung_Galaxy_M30","Samsung Galaxy M30",,,,"Android Oreo"
"http://dbpedia.org/resource/Samsung_Galaxy_A30s","Samsung Galaxy A30s",,,,"Android Pie"
"http://dbpedia.org/resource/Samsung_Galaxy_C5_(2017)","Samsung Galaxy C5 (2017)",,,,"Android Pie"
"http://dbpedia.org/resource/Samsung_Galaxy_J3_(2017)","Samsung Galaxy J3 (2017)",,,,"Android Pie"
"http://dbpedia.org/resource/Samsung_Galaxy_J5_2017","Samsung Galaxy J5 2017",,,,"Android Pie"
"http://dbpedia.org/resource/Samsung_Galaxy_J7_2017","Samsung Galaxy J7 2017",,,,"Android Pie"
"http://dbpedia.org/resource/Samsung_Galaxy_M40","Samsung Galaxy M40",,,,"Android Pie"
"http://dbpedia.org/resource/Samsung_Galaxy_Note_10.1","Samsung Galaxy Note 10.1",,,,"Android Pie"
"http://dbpedia.org/resource/Samsung_Galaxy_Grand_2","Samsung Galaxy Grand 2",,,,"Samsung Touchwiz"
"http://dbpedia.org/resource/Samsung_Galaxy_J1_Ace","Samsung Galaxy J1 Ace",,,,"Samsung Touchwiz"
"http://dbpedia.org/resource/Samsung_Galaxy_J1_mini_prime","Samsung Galaxy J1 mini prime",,,,"Samsung Touchwiz"
"http://dbpedia.org/resource/Samsung_Galaxy_J2_(2016)","Samsung Galaxy J2 (2016)",,,,"Samsung Touchwiz"
"http://dbpedia.org/resource/Samsung_Galaxy_J2_Prime","Samsung Galaxy J2 Prime",,,,"Samsung Touchwiz"
"http://dbpedia.org/resource/Samsung_Galaxy_J7_Prime","Samsung Galaxy J7 Prime",,,,"Samsung Touchwiz"
"http://dbpedia.org/resource/Samsung_Galaxy","Samsung Galaxy",,,,"Tizen"
"http://dbpedia.org/resource/Samsung_Galaxy_Gear","Samsung Galaxy Gear",,,,"Tizen"
"http://dbpedia.org/resource/Samsung_Galaxy","Samsung Galaxy",,,,"Windows 10"
"http://dbpedia.org/resource/Samsung_Galaxy_Book_Pro","Samsung Galaxy Book Pro",,,,"Windows 10"
"http://dbpedia.org/resource/Samsung_Galaxy_Book_Pro","Samsung Galaxy Book Pro",,,,"Windows 11"
"http://dbpedia.org/resource/Samsung_Galaxy_J3_(2017)","Samsung Galaxy J3 (2017)",,,,"One UI 5"
"http://dbpedia.org/resource/Samsung_Galaxy_J7_2017","Samsung Galaxy J7 2017",,,,"One UI 5"
"http://dbpedia.org/resource/Samsung_Galaxy_M31","Samsung Galaxy M31",,,,"One UI 5"
"http://dbpedia.org/resource/Samsung_Galaxy_M40","Samsung Galaxy M40",,,,"One UI 5"
"http://dbpedia.org/resource/Samsung_Galaxy_5","Samsung Galaxy 5",,,,
"http://dbpedia.org/resource/Samsung_Galaxy_A6s","Samsung Galaxy A6s",,,,
"http://dbpedia.org/resource/Samsung_Galaxy_A8_Star","Samsung Galaxy A8 Star",,,,
"http://dbpedia.org/resource/Samsung_Galaxy_A_series","Samsung Galaxy A series",,,,
"http://dbpedia.org/resource/Samsung_Galaxy_Buds_Live","Samsung Galaxy Buds Live",,,,
"http://dbpedia.org/resource/Samsung_Galaxy_Buds_series","Samsung Galaxy Buds series",,,,
"http://dbpedia.org/resource/Samsung_Galaxy_F_series","Samsung Galaxy F series",,,,
"http://dbpedia.org/resource/Samsung_Galaxy_Home","Samsung Galaxy Home",,,,
"http://dbpedia.org/resource/Samsung_Galaxy_M_series","Samsung Galaxy M series",,,,
"http://dbpedia.org/resource/Samsung_Galaxy_Note_4","Samsung Galaxy Note 4",,,,
"http://dbpedia.org/resource/Samsung_Galaxy_Note_5","Samsung Galaxy Note 5",,,,
"http://dbpedia.org/resource/Samsung_Galaxy_S4_Active","Samsung Galaxy S4 Active","Samsung Group",1938-03-01,2013-06-21,"Android"
"http://dbpedia.org/resource/Samsung_Galaxy_Z_Flip_3","Samsung Galaxy Z Flip 3","Samsung Group",1938-03-01,2021-08-27,"Android 11"
"http://dbpedia.org/resource/Samsung_Galaxy_Z_Flip_3","Samsung Galaxy Z Flip 3","Samsung Group",1938-03-01,2021-08-27,"Android 12"
"http://dbpedia.org/resource/Samsung_Galaxy_S9","Samsung Galaxy S9",,,2018-03-16,"Samsung Experience"
"http://dbpedia.org/resource/Samsung_Galaxy_S4","Samsung Galaxy S4",,,2013-04-27,"Android"
"http://dbpedia.org/resource/Samsung_Galaxy_S_(2010_smartphone)","Samsung Galaxy S (2010 smartphone)",,,2010-06-04,"Android"
"http://dbpedia.org/resource/Samsung_Galaxy_S_4G_LTE","Samsung Galaxy S 4G LTE",,,2011-05-14,"Android"
"http://dbpedia.org/resource/Samsung_Galaxy_S_Duos_2","Samsung Galaxy S Duos 2",,,2013-12-05,"Android"
"http://dbpedia.org/resource/Samsung_Galaxy_S_Duos_3","Samsung Galaxy S Duos 3",,,2014-08-05,"Android"
"http://dbpedia.org/resource/Samsung_Galaxy_S_II","Samsung Galaxy S II",,,2011-05-02,"Android"
"http://dbpedia.org/resource/Samsung_Galaxy_S_III","Samsung Galaxy S III",,,2012-05-29,"Android"
"http://dbpedia.org/resource/Samsung_Galaxy_S_Relay_4G","Samsung Galaxy S Relay 4G",,,2012-09-19,"Android"
"http://dbpedia.org/resource/Samsung_Galaxy_Win","Samsung Galaxy Win",,,2013-05-20,"Android"
"http://dbpedia.org/resource/Samsung_Galaxy_Xcover","Samsung Galaxy Xcover",,,2011-08-01,"Android"
"http://dbpedia.org/resource/Samsung_Galaxy_Y_DUOS","Samsung Galaxy Y DUOS",,,2012-01-01,"Android"
"http://dbpedia.org/resource/Samsung_Galaxy_Y_Plus","Samsung Galaxy Y Plus",,,2013-05-25,"Android"
"http://dbpedia.org/resource/Samsung_Galaxy_Y_Pro_DUOS","Samsung Galaxy Y Pro DUOS",,,2012-01-01,"Android"
"http://dbpedia.org/resource/Samsung_Galaxy_Young","Samsung Galaxy Young",,,2013-03-14,"Android"
"http://dbpedia.org/resource/Samsung_Galaxy_S20","Samsung Galaxy S20",,,2020-10-02,"Android 10"
"http://dbpedia.org/resource/Samsung_Galaxy_S20","Samsung Galaxy S20",,,2020-03-06,"Android 10"
"http://dbpedia.org/resource/Samsung_Galaxy_Z_Fold_2","Samsung Galaxy Z Fold 2",,,2020-09-18,"Android 10"
"http://dbpedia.org/resource/Samsung_Galaxy_S21","Samsung Galaxy S21",,,2022-01-03,"Android 11"
"http://dbpedia.org/resource/Samsung_Galaxy_S21","Samsung Galaxy S21",,,2021-01-14,"Android 11"
"http://dbpedia.org/resource/Samsung_Galaxy_S9","Samsung Galaxy S9",,,2018-03-16,"Android 11"
"http://dbpedia.org/resource/Samsung_Galaxy_S_III","Samsung Galaxy S III",,,2012-05-29,"Android 11"
"http://dbpedia.org/resource/Samsung_Galaxy_Xcover_5","Samsung Galaxy Xcover 5",,,2021-03-04,"Android 11"
"http://dbpedia.org/resource/Samsung_Galaxy_Z_Fold_3","Samsung Galaxy Z Fold 3",,,2021-08-27,"Android 11"
"http://dbpedia.org/resource/Samsung_Galaxy_S20","Samsung Galaxy S20",,,2020-10-02,"Android 12"
"http://dbpedia.org/resource/Samsung_Galaxy_S20","Samsung Galaxy S20",,,2020-03-06,"Android 12"
"http://dbpedia.org/resource/Samsung_Galaxy_S22","Samsung Galaxy S22",,,2022-02-25,"Android 12"
"http://dbpedia.org/resource/Samsung_Galaxy_Z_Fold_2","Samsung Galaxy Z Fold 2",,,2020-09-18,"Android 12"
"http://dbpedia.org/resource/Samsung_Galaxy_Z_Fold_3","Samsung Galaxy Z Fold 3",,,2021-08-27,"Android 12"
"http://dbpedia.org/resource/Samsung_Galaxy_S20","Samsung Galaxy S20",,,2020-10-02,"Android 13"
"http://dbpedia.org/resource/Samsung_Galaxy_S20","Samsung Galaxy S20",,,2020-03-06,"Android 13"
"http://dbpedia.org/resource/Samsung_Galaxy_S21","Samsung Galaxy S21",,,2022-01-03,"Android 13"
"http://dbpedia.org/resource/Samsung_Galaxy_S21","Samsung Galaxy S21",,,2021-01-14,"Android 13"
"http://dbpedia.org/resource/Samsung_Galaxy_S_II","Samsung Galaxy S II",,,2011-05-02,"Android 13"
"http://dbpedia.org/resource/Samsung_Galaxy_S_(2010_smartphone)","Samsung Galaxy S (2010 smartphone)",,,2010-06-04,"Android Ice Cream Sandwich"
"http://dbpedia.org/resource/Samsung_Galaxy_S_II","Samsung Galaxy S II",,,2011-05-02,"Android Jelly Bean"
"http://dbpedia.org/resource/Samsung_Galaxy_S_III","Samsung Galaxy S III",,,2012-05-29,"Android Jelly Bean"
"http://dbpedia.org/resource/Samsung_Galaxy_Xcover_2","Samsung Galaxy Xcover 2",,,2013-03-01,"Android Jelly Bean"
"http://dbpedia.org/resource/Samsung_Galaxy_S6_Active","Samsung Galaxy S6 Active",,,2015-06-12,"Android Lollipop"
"http://dbpedia.org/resource/Samsung_Galaxy_S6_Active","Samsung Galaxy S6 Active",,,2015-06-12,"Android Nougat"
"http://dbpedia.org/resource/Samsung_Galaxy_S_Duos_2","Samsung Galaxy S Duos 2",,,2013-12-05,"LineageOS"
"http://dbpedia.org/resource/Samsung_Galaxy_Watch_3","Samsung Galaxy Watch 3",,,2020-08-05,"Tizen"
"http://dbpedia.org/resource/Samsung_Galaxy_Watch_4","Samsung Galaxy Watch 4",,,2021-08-27,"Wear OS"
"http://dbpedia.org/resource/Samsung_Galaxy_Watch_5","Samsung Galaxy Watch 5",,,2022-08-26,"Wear OS"
"http://dbpedia.org/resource/Samsung_Galaxy_S9","Samsung Galaxy S9",,,2018-03-16,"One UI 5"
"http://dbpedia.org/resource/Samsung_Galaxy_S5","Samsung Galaxy S5",,,2014-04-11,
"http://dbpedia.org/resource/Samsung_Galaxy_Tab_S5e","Samsung Galaxy Tab S5e",,,2019-04-26,
"http://dbpedia.org/resource/Samsung_Galaxy_Z_Flip_4","Samsung Galaxy Z Flip 4",,,2022-08-26,
"http://dbpedia.org/resource/Samsung_Galaxy_Z_Fold_4","Samsung Galaxy Z Fold 4",,,2022-08-25,
"http://dbpedia.org/resource/Samsung_Galaxy_SL","Samsung Galaxy SL","Samsung Group",1938-03-01,,"Android"
"http://dbpedia.org/resource/Samsung_Galaxy_Z_Flip","Samsung Galaxy Z Flip","Samsung Group",1938-03-01,,"Android 10"
"http://dbpedia.org/resource/Samsung_Galaxy_Z_Flip","Samsung Galaxy Z Flip","Samsung Group",1938-03-01,,"Android 11"
"http://dbpedia.org/resource/Samsung_Galaxy_S4_Mini","Samsung Galaxy S4 Mini",,,,"Android"
"http://dbpedia.org/resource/Samsung_Galaxy_S5_Mini","Samsung Galaxy S5 Mini",,,,"Android"
"http://dbpedia.org/resource/Samsung_Galaxy_S_Duos","Samsung Galaxy S Duos",,,,"Android"
"http://dbpedia.org/resource/Samsung_Galaxy_S_II_WiMAX","Samsung Galaxy S II WiMAX",,,,"Android"
"http://dbpedia.org/resource/Samsung_Galaxy_Spica","Samsung Galaxy Spica",,,,"Android"
"http://dbpedia.org/resource/Samsung_Galaxy_Star_2_Plus","Samsung Galaxy Star 2 Plus",,,,"Android"
"http://dbpedia.org/resource/Samsung_Galaxy_Tab_3_7.0","Samsung Galaxy Tab 3 7.0",,,,"Android"
"http://dbpedia.org/resource/Samsung_Galaxy_Tab_4_7.0","Samsung Galaxy Tab 4 7.0",,,,"Android"
"http://dbpedia.org/resource/Samsung_Galaxy_Tab_7.0","Samsung Galaxy Tab 7.0",,,,"Android"
"http://dbpedia.org/resource/Samsung_Galaxy_Tab_E_9.6","Samsung Galaxy Tab E 9.6",,,,"Android"
"http://dbpedia.org/resource/Samsung_Galaxy_Tab_S2_9.7","Samsung Galaxy Tab S2 9.7",,,,"Android"
"http://dbpedia.org/resource/Samsung_Galaxy_Tab_S_10.5","Samsung Galaxy Tab S 10.5",,,,"Android"
"http://dbpedia.org/resource/Samsung_Galaxy_Tab_series","Samsung Galaxy Tab series",,,,"Android"
"http://dbpedia.org/resource/Samsung_Galaxy_Trend_2_Lite","Samsung Galaxy Trend 2 Lite",,,,"Android"
"http://dbpedia.org/resource/Samsung_Galaxy_Trend_Lite","Samsung Galaxy Trend Lite",,,,"Android"
"http://dbpedia.org/resource/Samsung_Galaxy_Young_2","Samsung Galaxy Young 2",,,,"Android"
"http://dbpedia.org/resource/Samsung_Galaxy_Tab_A7","Samsung Galaxy Tab A7",,,,"Android 10"
"http://dbpedia.org/resource/Samsung_Galaxy_Xcover_FieldPro","Samsung Galaxy Xcover FieldPro",,,,"Android 10"
"http://dbpedia.org/resource/Samsung_Galaxy_Xcover_Pro","Samsung Galaxy Xcover Pro",,,,"Android 10"
"http://dbpedia.org/resource/Samsung_Galaxy_S4_Mini","Samsung Galaxy S4 Mini",,,,"Android 11"
"http://dbpedia.org/resource/Samsung_Galaxy_Tab_A7","Samsung Galaxy Tab A7",,,,"Android 11"
"http://dbpedia.org/resource/Samsung_Galaxy_Xcover_Pro","Samsung Galaxy Xcover Pro",,,,"Android 12"
"http://dbpedia.org/resource/Samsung_Galaxy_S_Advance","Samsung Galaxy S Advance",,,,"Android Gingerbread"
"http://dbpedia.org/resource/Samsung_Galaxy_Tab_10.1","Samsung Galaxy Tab 10.1",,,,"Android Honeycomb"
"http://dbpedia.org/resource/Samsung_Galaxy_Tab_7.0_Plus","Samsung Galaxy Tab 7.0 Plus",,,,"Android Honeycomb"
"http://dbpedia.org/resource/Samsung_Galaxy_Tab_7.7","Samsung Galaxy Tab 7.7",,,,"Android Honeycomb"
"http://dbpedia.org/resource/Samsung_Galaxy_Tab_8.9","Samsung Galaxy Tab 8.9",,,,"Android Honeycomb"
"http://dbpedia.org/resource/Samsung_Galaxy_Tab_10.1","Samsung Galaxy Tab 10.1",,,,"Android Ice Cream Sandwich"
"http://dbpedia.org/resource/Samsung_Galaxy_Tab_2_10.1","Samsung Galaxy Tab 2 10.1",,,,"Android Ice Cream Sandwich"
"http://dbpedia.org/resource/Samsung_Galaxy_Tab_2_7.0","Samsung Galaxy Tab 2 7.0",,,,"Android Ice Cream Sandwich"
"http://dbpedia.org/resource/Samsung_Galaxy_Tab_7.0_Plus","Samsung Galaxy Tab 7.0 Plus",,,,"Android Ice Cream Sandwich"
"http://dbpedia.org/resource/Samsung_Galaxy_Tab_8.9","Samsung Galaxy Tab 8.9",,,,"Android Ice Cream Sandwich"
"http://dbpedia.org/resource/Samsung_Galaxy_S_III_Mini","Samsung Galaxy S III Mini",,,,"Android Jelly Bean"
"http://dbpedia.org/resource/Samsung_Galaxy_Tab_2_10.1","Samsung Galaxy Tab 2 10.1",,,,"Android Jelly Bean"
"http://dbpedia.org/resource/Samsung_Galaxy_Tab_2_7.0","Samsung Galaxy Tab 2 7.0",,,,"Android Jelly Bean"
"http://dbpedia.org/resource/Samsung_Galaxy_Tab_3_10.1","Samsung Galaxy Tab 3 10.1",,,,"Android Jelly Bean"
"http://dbpedia.org/resource/Samsung_Galaxy_Tab_3_8.0","Samsung Galaxy Tab 3 8.0",,,,"Android Jelly Bean"
"http://dbpedia.org/resource/Samsung_Galaxy_Tab_3_Lite_7.0","Samsung Galaxy Tab 3 Lite 7.0",,,,"Android Jelly Bean"
"http://dbpedia.org/resource/Samsung_Galaxy_Tab_7.0_Plus","Samsung Galaxy Tab 7.0 Plus",,,,"Android Jelly Bean"
"http://dbpedia.org/resource/Samsung_Galaxy_S_III_Mini","Samsung Galaxy S III Mini",,,,"Android KitKat"
"http://dbpedia.org/resource/Samsung_Galaxy_S_III_Neo","Samsung Galaxy S III Neo",,,,"Android KitKat"
"http://dbpedia.org/resource/Samsung_Galaxy_Tab_3_10.1","Samsung Galaxy Tab 3 10.1",,,,"Android KitKat"
"http://dbpedia.org/resource/Samsung_Galaxy_Tab_3_Lite_7.0","Samsung Galaxy Tab 3 Lite 7.0",,,,"Android KitKat"
"http://dbpedia.org/resource/Samsung_Galaxy_Tab_4_10.1","Samsung Galaxy Tab 4 10.1",,,,"Android KitKat"
"http://dbpedia.org/resource/Samsung_Galaxy_Tab_4_8.0","Samsung Galaxy Tab 4 8.0",,,,"Android KitKat"
"http://dbpedia.org/resource/Samsung_Galaxy_Tab_4_Education","Samsung Galaxy Tab 4 Education",,,,"Android KitKat"
"http://dbpedia.org/resource/Samsung_Galaxy_Tab_Pro_10.1","Samsung Galaxy Tab Pro 10.1",,,,"Android KitKat"
"http://dbpedia.org/resource/Samsung_Galaxy_Tab_Pro_12.2","Samsung Galaxy Tab Pro 12.2",,,,"Android KitKat"
"http://dbpedia.org/resource/Samsung_Galaxy_Tab_Pro_8.4","Samsung Galaxy Tab Pro 8.4",,,,"Android KitKat"
"http://dbpedia.org/resource/Samsung_Galaxy_Tab_S_8.4","Samsung Galaxy Tab S 8.4",,,,"Android KitKat"
"http://dbpedia.org/resource/Samsung_Galaxy_Xcover_3","Samsung Galaxy Xcover 3",,,,"Android KitKat"
"http://dbpedia.org/resource/Samsung_Galaxy_Tab_4_10.1","Samsung Galaxy Tab 4 10.1",,,,"Android Lollipop"
"http://dbpedia.org/resource/Samsung_Galaxy_Tab_A_9.7","Samsung Galaxy Tab A 9.7",,,,"Android Lollipop"
"http://dbpedia.org/resource/Samsung_Galaxy_Xcover_3","Samsung Galaxy Xcover 3",,,,"Android Lollipop"
"http://dbpedia.org/resource/Samsung_Galaxy_S5_Mini","Samsung Galaxy S5 Mini",,,,"Android Marshmallow"
"http://dbpedia.org/resource/Samsung_Galaxy_Tab_2_7.0","Samsung Galaxy Tab 2 7.0",,,,"Android Marshmallow"
"http://dbpedia.org/resource/Samsung_Galaxy_Tab_A_10.1","Samsung Galaxy Tab A 10.1",,,,"Android Marshmallow"
"http://dbpedia.org/resource/Samsung_Galaxy_Tab_A_9.7","Samsung Galaxy Tab A 9.7",,,,"Android Marshmallow"
"http://dbpedia.org/resource/Samsung_Galaxy_Tab_S_10.5","Samsung Galaxy Tab S 10.5",,,,"Android Marshmallow"
"http://dbpedia.org/resource/Samsung_Galaxy_Tab_S_8.4","Samsung Galaxy Tab S 8.4",,,,"Android Marshmallow"
"http://dbpedia.org/resource/Samsung_Galaxy_Tab_3_10.1","Samsung Galaxy Tab 3 10.1",,,,"Android Nougat"
"http://dbpedia.org/resource/Samsung_Galaxy_Tab_A_9.7","Samsung Galaxy Tab A 9.7",,,,"Android Nougat"
"http://dbpedia.org/resource/Samsung_Galaxy_Tab_E_9.6","Samsung Galaxy Tab E 9.6",,,,"Android Nougat"
"http://dbpedia.org/resource/Samsung_Galaxy_Tab_S2_9.7","Samsung Galaxy Tab S2 9.7",,,,"Android Nougat"
"http://dbpedia.org/resource/Samsung_Galaxy_Xcover_4","Samsung Galaxy Xcover 4",,,,"Android Nougat"
"http://dbpedia.org/resource/Samsung_Galaxy_Xcover_FieldPro","Samsung Galaxy Xcover FieldPro",,,,"Android Oreo"
"http://dbpedia.org/resource/Samsung_Galaxy_S_III_Mini","Samsung Galaxy S III Mini",,,,"Android Pie"
"http://dbpedia.org/resource/Samsung_Galaxy_Tab_A_10.1","Samsung Galaxy Tab A 10.1",,,,"Android Pie"
"http://dbpedia.org/resource/Samsung_Galaxy_Xcover_4","Samsung Galaxy Xcover 4",,,,"Android Pie"
"http://dbpedia.org/resource/Samsung_Galaxy_Tab_4_Education","Samsung Galaxy Tab 4 Education",,,,"Samsung Touchwiz"
"http://dbpedia.org/resource/Samsung_Galaxy_Watch_series","Samsung Galaxy Watch series",,,,"Tizen"
"http://dbpedia.org/resource/Samsung_Galaxy_S7","Samsung Galaxy S7",,,,
"http://dbpedia.org/resource/Samsung_Galaxy_S_Plus","Samsung Galaxy S Plus",,,,
"http://dbpedia.org/resource/Samsung_Galaxy_S_series","Samsung Galaxy S series",,,,
"http://dbpedia.org/resource/Samsung_Galaxy_SmartTag","Samsung Galaxy SmartTag",,,,
"http://dbpedia.org/resource/Samsung_Galaxy_Tab_S4","Samsung Galaxy Tab S4",,,,
"http://dbpedia.org/resource/Samsung_Galaxy_W","Samsung Galaxy W",,,,
"http://dbpedia.org/resource/Samsung_Galaxy_Y","Samsung Galaxy Y",,,,
"http://dbpedia.org/resource/Samsung_Galaxy_Z_series","Samsung Galaxy Z series",,,,
"http://dbpedia.org/resource/Samsung_Galaxy_Grand_Max","Samsung Galaxy Grand Max",,,2015-08-14,"Android"
"http://dbpedia.org/resource/Samsung_Galaxy_Grand_Max","Samsung Galaxy Grand Max",,,2015-08-14,"Android Lollipop"
"http://dbpedia.org/resource/Xiaomi_Mi4i","Xiaomi Mi4i",,,,
"http://dbpedia.org/resource/Samsung_Galaxy_J1_Mini","Samsung Galaxy J1 Mini",,,,
"http://dbpedia.org/resource/Xiaomi_Mi_Note_2","Xiaomi Mi Note 2","Xiaomi",2010-04-06,,"Android Oreo"
"http://dbpedia.org/resource/Xiaomi_Mi_Note_2","Xiaomi Mi Note 2","Xiaomi Corporation",2010-04-06,,"Android Oreo"
"http://dbpedia.org/resource/Xiaomi_Mi_Note_2","Xiaomi Mi Note 2","Xiaomi",2010-04-06,,"MIUI"
"http://dbpedia.org/resource/Xiaomi_Mi_Note_2","Xiaomi Mi Note 2","Xiaomi Corporation",2010-04-06,,"MIUI"
"http://dbpedia.org/resource/Samsung_Galaxy_SL_I9003","Samsung Galaxy SL I9003",,,,
"http://dbpedia.org/resource/Galaxy_Nexus","Galaxy Nexus",,,2011-11-17,"Android"
"http://dbpedia.org/resource/Galaxy_Nexus","Galaxy Nexus",,,2011-11-17,"Android Jelly Bean"
"http://dbpedia.org/resource/Google_Pixel","Google Pixel",,,,"Android"
"http://dbpedia.org/resource/Oppo_F17_Pro","Oppo F17 Pro",,,2020-09-07,
"http://dbpedia.org/resource/Oppo_A9_2020","Oppo A9 2020","OPPO",2004-10-10,,"ColorOS"
"http://dbpedia.org/resource/Oppo_A9_2020","Oppo A9 2020","OPPO",2004-10-10,,"Android 11"
"http://dbpedia.org/resource/Oppo_F5/F5_Youth","Oppo F5/F5 Youth","OPPO",2004-10-10,,
"http://dbpedia.org/resource/Oppo_Neo_7","Oppo Neo 7","OPPO",2004-10-10,,
"http://dbpedia.org/resource/Oppo_Joy","Oppo Joy",,,,
"http://dbpedia.org/resource/Oppo_Joy_3","Oppo Joy 3",,,,
"http://dbpedia.org/resource/Oppo_Joy_Plus","Oppo Joy Plus",,,,
"http://dbpedia.org/resource/Oppo_Neo","Oppo Neo",,,,
"http://dbpedia.org/resource/Oppo_Neo_3","Oppo Neo 3",,,,
"http://dbpedia.org/resource/Oppo_Neo_5","Oppo Neo 5",,,,
"http://dbpedia.org/resource/Oppo_Neo_5_(2015)","Oppo Neo 5 (2015)",,,,
"http://dbpedia.org/resource/Oppo_R7s","Oppo R7s",,,,
"http://dbpedia.org/resource/Linksys_iPhone","Linksys iPhone",,,,
"http://dbpedia.org/resource/Fujitsu_iPAD","Fujitsu iPAD",,,,
"http://dbpedia.org/resource/Samsung_Galaxy_3","Samsung Galaxy 3",,,,
"http://dbpedia.org/resource/Samsung_Galaxy_R_Style","Samsung Galaxy R Style","Samsung Group",1938-03-01,2012-05-31,"Android"
"http://dbpedia.org/resource/Samsung_Galaxy_R_Style","Samsung Galaxy R Style","Samsung Group",1938-03-01,2012-05-31,"Android Jelly Bean"
"http://dbpedia.org/resource/Samsung_Galaxy_M21","Samsung Galaxy M21","Samsung Group",1938-03-01,,"Android 12"
"http://dbpedia.org/resource/Samsung_Galaxy_C8","Samsung Galaxy C8","Samsung Group",1938-03-01,,"Android"
"http://dbpedia.org/resource/Samsung_Galaxy_C7","Samsung Galaxy C7","Samsung Group",1938-03-01,,"Android Nougat"
"http://dbpedia.org/resource/Samsung_Galaxy_C7","Samsung Galaxy C7","Samsung Group",1938-03-01,,"Android Marshmallow"
"http://dbpedia.org/resource/Samsung_Galaxy_Folder_2","Samsung Galaxy Folder 2",,,,"Android"
"http://dbpedia.org/resource/Samsung_Galaxy_Pocket_Neo","Samsung Galaxy Pocket Neo",,,,"Android"
"http://dbpedia.org/resource/Samsung_Galaxy_Avant","Samsung Galaxy Avant",,,,"Android"
"http://dbpedia.org/resource/Samsung_Galaxy_S_III_Progre","Samsung Galaxy S III Progre",,,,"Android"
"http://dbpedia.org/resource/Samsung_Galaxy_Pocket_Plus","Samsung Galaxy Pocket Plus",,,,"Android Ice Cream Sandwich"
"http://dbpedia.org/resource/Samsung_Galaxy_J5_Pro","Samsung Galaxy J5 Pro",,,,"Android Nougat"
"http://dbpedia.org/resource/Samsung_Galaxy_J5_Pro","Samsung Galaxy J5 Pro",,,,"Android Oreo"
"http://dbpedia.org/resource/Samsung_Galaxy_TabPro_S","Samsung Galaxy TabPro S",,,,"Windows 10"
"http://dbpedia.org/resource/Samsung_Galaxy_Book","Samsung Galaxy Book",,,,"Windows 10"
"http://dbpedia.org/resource/Samsung_Galaxy_TabPro_S","Samsung Galaxy TabPro S",,,,"Windows 11"
"http://dbpedia.org/resource/Samsung_Galaxy_Book","Samsung Galaxy Book",,,,"Windows 11"
"http://dbpedia.org/resource/Samsung_Galaxy_On8","Samsung Galaxy On8","Samsung Group",1938-03-01,,
"http://dbpedia.org/resource/Samsung_Galaxy_Buds_2","Samsung Galaxy Buds 2",,,,
"http://dbpedia.org/resource/Samsung_Galaxy_J7+","Samsung Galaxy J7+",,,,
"http://dbpedia.org/resource/Samsung_Galaxy_Star","Samsung Galaxy Star",,,,
"http://dbpedia.org/resource/Samsung_Galaxy_Watch","Samsung Galaxy Watch",,,,
"http://dbpedia.org/resource/Samsung_Galaxy_Watch_Active","Samsung Galaxy Watch Active",,,,
"http://dbpedia.org/resource/Samsung_Galaxy_Watch_Active_2","Samsung Galaxy Watch Active 2",,,,
"http://dbpedia.org/resource/Lava_Pixel_V1","Lava Pixel V1",,,2015-07-05,"Android"
"http://dbpedia.org/resource/Pixel_6","Pixel 6","Google, Inc.",1998-09-04,2021-10-28,"Android 13"
"http://dbpedia.org/resource/Pixel_6","Pixel 6","Google LLC",1998-09-04,2021-10-28,"Android 13"
"http://dbpedia.org/resource/Pixel_4","Pixel 4","Google, Inc.",1998-09-04,2019-10-24,"Android 10"
"http://dbpedia.org/resource/Pixel_4","Pixel 4","Google LLC",1998-09-04,2019-10-24,"Android 10"
"http://dbpedia.org/resource/Pixel_5a","Pixel 5a","Google, Inc.",1998-09-04,2021-08-26,"Android 13"
"http://dbpedia.org/resource/Pixel_5a","Pixel 5a","Google LLC",1998-09-04,2021-08-26,"Android 13"
"http://dbpedia.org/resource/Pixel_6","Pixel 6","Google, Inc.",1998-09-04,2021-10-28,"Android 12"
"http://dbpedia.org/resource/Pixel_6","Pixel 6","Google LLC",1998-09-04,2021-10-28,"Android 12"
"http://dbpedia.org/resource/Pixel_2","Pixel 2","Google, Inc.",1998-09-04,2017-10-19,"Android 11"
"http://dbpedia.org/resource/Pixel_2","Pixel 2","Google LLC",1998-09-04,2017-10-19,"Android 11"
"http://dbpedia.org/resource/Pixel_4","Pixel 4","Google, Inc.",1998-09-04,2019-10-24,"Android 13"
"http://dbpedia.org/resource/Pixel_4","Pixel 4","Google LLC",1998-09-04,2019-10-24,"Android 13"
"http://dbpedia.org/resource/Pixel_5a","Pixel 5a","Google, Inc.",1998-09-04,2021-08-26,"Android 11"
"http://dbpedia.org/resource/Pixel_5a","Pixel 5a","Google LLC",1998-09-04,2021-08-26,"Android 11"
"http://dbpedia.org/resource/Pixel_2","Pixel 2","Google, Inc.",1998-09-04,2017-10-19,"Android Oreo"
"http://dbpedia.org/resource/Pixel_2","Pixel 2","Google LLC",1998-09-04,2017-10-19,"Android Oreo"
"http://dbpedia.org/resource/Pixel_5","Pixel 5","Google, Inc.",1998-09-04,2020-10-15,"Android 11"
"http://dbpedia.org/resource/Pixel_5","Pixel 5","Google LLC",1998-09-04,2020-10-15,"Android 11"
"http://dbpedia.org/resource/Pixel_7","Pixel 7","Google, Inc.",1998-09-04,2022-10-13,"Android 13"
"http://dbpedia.org/resource/Pixel_7","Pixel 7","Google LLC",1998-09-04,2022-10-13,"Android 13"
"http://dbpedia.org/resource/Pixel_5","Pixel 5","Google, Inc.",1998-09-04,2020-10-15,"Android 13"
"http://dbpedia.org/resource/Pixel_5","Pixel 5","Google LLC",1998-09-04,2020-10-15,"Android 13"
"http://dbpedia.org/resource/IPhone_12_Pro","IPhone 12 Pro","Apple Inc.",1976-04-01,2020-11-13,"iOS 14"
"http://dbpedia.org/resource/IPhone_5S","IPhone 5S","Apple Inc.",1976-04-01,2013-09-20,"iOS 7"
"http://dbpedia.org/resource/IPhone_6","IPhone 6","Apple Inc.",1976-04-01,2017-03-10,"iOS 8"
"http://dbpedia.org/resource/IPhone_14_Pro","IPhone 14 Pro","Apple Inc.",1976-04-01,2022-09-16,"iOS 16"
"http://dbpedia.org/resource/IPhone_8","IPhone 8","Apple Inc.",1976-04-01,2017-09-22,"iOS 11"
"http://dbpedia.org/resource/IPhone_13_Pro","IPhone 13 Pro","Apple Inc.",1976-04-01,2021-09-24,"iOS 15"
"http://dbpedia.org/resource/IPhone_5S","IPhone 5S","Apple Inc.",1976-04-01,2013-09-20,"iOS 12"
"http://dbpedia.org/resource/IPhone_X","IPhone X","Apple Inc.",1976-04-01,2017-11-03,"iOS 11"
"http://dbpedia.org/resource/IPhone_11_Pro","IPhone 11 Pro","Apple Inc.",1976-04-01,2019-09-20,"iOS 13"
"http://dbpedia.org/resource/IPhone_6","IPhone 6","Apple Inc.",1976-04-01,2017-03-10,"iOS 10"
"http://dbpedia.org/resource/IPhone_6","IPhone 6","Apple Inc.",1976-04-01,2014-09-19,"iOS 8"
"http://dbpedia.org/resource/IPhone_7","IPhone 7","Apple Inc.",1976-04-01,2016-09-16,"iOS 10"
"http://dbpedia.org/resource/IPhone_12","IPhone 12","Apple Inc.",1976-04-01,2020-11-13,"iOS 14"
"http://dbpedia.org/resource/IPhone_14","IPhone 14","Apple Inc.",1976-04-01,2022-10-07,"iOS 16"
"http://dbpedia.org/resource/IPhone_6","IPhone 6","Apple Inc.",1976-04-01,2014-09-19,"iOS 10"
"http://dbpedia.org/resource/IPhone_XS","IPhone XS","Apple Inc.",1976-04-01,2018-09-21,"iOS 12"
"http://dbpedia.org/resource/IPhone_11","IPhone 11","Apple Inc.",1976-04-01,2019-09-20,"iOS 13"
"http://dbpedia.org/resource/IPhone_6S","IPhone 6S","Apple Inc.",1976-04-01,2015-09-25,"iOS 9"
"http://dbpedia.org/resource/IPhone_12","IPhone 12","Apple Inc.",1976-04-01,2020-10-23,"iOS 14"
"http://dbpedia.org/resource/IPhone_14","IPhone 14","Apple Inc.",1976-04-01,2022-09-16,"iOS 16"
"http://dbpedia.org/resource/IPhone_4S","IPhone 4S","Apple Inc.",1976-04-01,2011-10-14,"iOS 9"
"http://dbpedia.org/resource/IPhone_XR","IPhone XR","Apple Inc.",1976-04-01,2018-10-26,"iOS 12"
"http://dbpedia.org/resource/IPhone_12_Pro","IPhone 12 Pro","Apple Inc.",1976-04-01,2020-10-23,"iOS 14"
"http://dbpedia.org/resource/Pixel_(1st_generation)","Pixel (1st generation)",,,2016-10-20,"Android"
"http://dbpedia.org/resource/Pixel_3","Pixel 3",,,2018-10-09,"Android"
"http://dbpedia.org/resource/Pixel_3a","Pixel 3a",,,2019-05-07,"Android"
"http://dbpedia.org/resource/Pixel_(1st_generation)","Pixel (1st generation)",,,2016-10-20,"Android 10"
"http://dbpedia.org/resource/Pixel_3","Pixel 3",,,2018-10-09,"Android 12"
"http://dbpedia.org/resource/IPhone_5C","IPhone 5C",,,2013-09-20,"iOS 10"
"http://dbpedia.org/resource/IPhone_13","IPhone 13",,,2021-09-24,"iOS 15"
"http://dbpedia.org/resource/IPhone_5C","IPhone 5C",,,2013-09-20,"iOS 7"
"http://dbpedia.org/resource/Pixel_6a","Pixel 6a","Google, Inc.",1998-09-04,2022-07-21,
"http://dbpedia.org/resource/Pixel_6a","Pixel 6a","Google LLC",1998-09-04,2022-07-21,
"http://dbpedia.org/resource/IPhone_5","IPhone 5","Apple Inc.",1976-04-01,2012-09-21,
"http://dbpedia.org/resource/Pixel_C","Pixel C",,,,"Android"
"http://dbpedia.org/resource/Pixel_C","Pixel C",,,,"Android Oreo"
"http://dbpedia.org/resource/IPhone","IPhone",,,,"iOS"
"http://dbpedia.org/resource/IPad_Pro","IPad Pro",,,,"iOS"
"http://dbpedia.org/resource/IPad_Pro_(3rd_generation)","IPad Pro (3rd generation)",,,,"iOS 12"
"http://dbpedia.org/resource/IPad_Air_(1st_generation)","IPad Air (1st generation)",,,,"iOS 12"
"http://dbpedia.org/resource/IPhone_3G","IPhone 3G",,,,"iOS 4"
"http://dbpedia.org/resource/IPhone_4","IPhone 4",,,,"iOS 4"
"http://dbpedia.org/resource/IPad_(1st_generation)","IPad (1st generation)",,,,"iOS 5"
"http://dbpedia.org/resource/IPhone_3GS","IPhone 3GS",,,,"iOS 6"
"http://dbpedia.org/resource/IPhone_4","IPhone 4",,,,"iOS 7"
"http://dbpedia.org/resource/IPad_Air_(1st_generation)","IPad Air (1st generation)",,,,"iOS 7"
"http://dbpedia.org/resource/IPad_Mini_2","IPad Mini 2",,,,"iOS 7"
"http://dbpedia.org/resource/IPad_Pro","IPad Pro",,,,"iPadOS"
"http://dbpedia.org/resource/IPad_Pro_(4th_generation)","IPad Pro (4th generation)",,,,"iPadOS 13"
"http://dbpedia.org/resource/IPad_Pro_(5th_generation)","IPad Pro (5th generation)",,,,"iPadOS 14"
"http://dbpedia.org/resource/IPad_(8th_generation)","IPad (8th generation)",,,,"iPadOS 14"
"http://dbpedia.org/resource/IPad_(9th_generation)","IPad (9th generation)",,,,"iPadOS 15"
"http://dbpedia.org/resource/IPad_(10th_generation)","IPad (10th generation)",,,,"iPadOS 16"
"http://dbpedia.org/resource/IPad_Pro_(6th_generation)","IPad Pro (6th generation)",,,,"iPadOS 16"
"http://dbpedia.org/resource/IPhone_(1st_generation)","IPhone (1st generation)",,,,"iPhone OS 1"
"http://dbpedia.org/resource/IPhone_3G","IPhone 3G",,,,"iPhone OS 2"
"http://dbpedia.org/resource/IPad_(1st_generation)","IPad (1st generation)",,,,"iPhone OS 3"
"http://dbpedia.org/resource/IPhone_3GS","IPhone 3GS",,,,"iPhone OS 3"
"http://dbpedia.org/resource/IPhone_(1st_generation)","IPhone (1st generation)",,,,"iPhone OS 3"
"http://dbpedia.org/resource/Pixel_4a","Pixel 4a",,,,
"http://dbpedia.org/resource/Pixel_Buds","Pixel Buds",,,,
"http://dbpedia.org/resource/Pixel_Slate","Pixel Slate",,,,
"http://dbpedia.org/resource/Pixelbook","Pixelbook",,,,
"http://dbpedia.org/resource/Pixelbook_Go","Pixelbook Go",,,,
"http://dbpedia.org/resource/IPad_(7th_generation)","IPad (7th generation)",,,,
"http://dbpedia.org/resource/IPad_Pro_(1st_generation)","IPad Pro (1st generation)",,,,
"http://dbpedia.org/resource/IPad_Pro_(2nd_generation)","IPad Pro (2nd generation)",,,,
"http://dbpedia.org/resource/OnePlus_10_Pro","OnePlus 10 Pro","OnePlus Technology  Co., Ltd.",2013-12-16,2022-01-11,"Android 12"
"http://dbpedia.org/resource/OnePlus_10_Pro","OnePlus 10 Pro","OnePlus Technology  Co., Ltd.",2013-12-16,2022-01-11,"OppoOS"
"http://dbpedia.org/resource/OnePlus_3T","OnePlus 3T","OnePlus Technology  Co., Ltd.",2013-12-16,2016-11-15,"OppoOS"
"http://dbpedia.org/resource/OnePlus_5","OnePlus 5","OnePlus Technology  Co., Ltd.",2013-12-16,2017-06-20,"OppoOS"
"http://dbpedia.org/resource/OnePlus_6","OnePlus 6","OnePlus Technology  Co., Ltd.",2013-12-16,2018-05-02,"Android 11"
"http://dbpedia.org/resource/OnePlus_6","OnePlus 6","OnePlus Technology  Co., Ltd.",2013-12-16,2018-05-02,"OppoOS"
"http://dbpedia.org/resource/OnePlus_6T","OnePlus 6T","OnePlus Technology  Co., Ltd.",2013-12-16,2018-11-06,"Android 11"
"http://dbpedia.org/resource/OnePlus_6T","OnePlus 6T","OnePlus Technology  Co., Ltd.",2013-12-16,2018-11-06,"OppoOS"
"http://dbpedia.org/resource/OnePlus_7","OnePlus 7","OnePlus Technology  Co., Ltd.",2013-12-16,2019-05-14,"Android 10"
"http://dbpedia.org/resource/OnePlus_7","OnePlus 7","OnePlus Technology  Co., Ltd.",2013-12-16,2019-05-14,"Android 12"
"http://dbpedia.org/resource/OnePlus_7","OnePlus 7","OnePlus Technology  Co., Ltd.",2013-12-16,2019-05-14,"OppoOS"
"http://dbpedia.org/resource/OnePlus_8","OnePlus 8","OnePlus Technology  Co., Ltd.",2013-12-16,2020-04-14,"Android 10"
"http://dbpedia.org/resource/OnePlus_8","OnePlus 8","OnePlus Technology  Co., Ltd.",2013-12-16,2020-04-14,"Android 13"
"http://dbpedia.org/resource/OnePlus_8","OnePlus 8","OnePlus Technology  Co., Ltd.",2013-12-16,2020-04-14,"OppoOS"
"http://dbpedia.org/resource/OnePlus_8T","OnePlus 8T","OnePlus Technology  Co., Ltd.",2013-12-16,2020-10-16,"Android 11"
"http://dbpedia.org/resource/OnePlus_8T","OnePlus 8T","OnePlus Technology  Co., Ltd.",2013-12-16,2020-10-16,"Android 13"
"http://dbpedia.org/resource/OnePlus_8T","OnePlus 8T","OnePlus Technology  Co., Ltd.",2013-12-16,2020-10-16,"OppoOS"
"http://dbpedia.org/resource/OnePlus_9","OnePlus 9","OnePlus Technology  Co., Ltd.",2013-12-16,2021-03-26,"Android 11"
"http://dbpedia.org/resource/OnePlus_Nord","OnePlus Nord","OnePlus Technology  Co., Ltd.",2013-12-16,2020-08-04,"Android 12"
"http://dbpedia.org/resource/OnePlus_Nord","OnePlus Nord","OnePlus Technology  Co., Ltd.",2013-12-16,2020-08-04,"OppoOS"
"http://dbpedia.org/resource/OnePlus_Nord_2_5G","OnePlus Nord 2 5G","OnePlus Technology  Co., Ltd.",2013-12-16,2021-07-28,"Android 11"
"http://dbpedia.org/resource/OnePlus_Nord_2_5G","OnePlus Nord 2 5G","OnePlus Technology  Co., Ltd.",2013-12-16,2021-07-28,"OppoOS"
"http://dbpedia.org/resource/OnePlus_Nord_N200_5G","OnePlus Nord N200 5G","OnePlus Technology  Co., Ltd.",2013-12-16,2021-06-25,"Android 11"
"http://dbpedia.org/resource/OnePlus_One","OnePlus One","OnePlus Technology  Co., Ltd.",2013-12-16,2014-04-23,"Android 11"
"http://dbpedia.org/resource/OnePlus_One","OnePlus One","OnePlus Technology  Co., Ltd.",2013-12-16,2014-04-23,"Android Jelly Bean"
"http://dbpedia.org/resource/OnePlus_One","OnePlus One","OnePlus Technology  Co., Ltd.",2013-12-16,2014-04-23,"Android KitKat"
"http://dbpedia.org/resource/OnePlus_One","OnePlus One","OnePlus Technology  Co., Ltd.",2013-12-16,2014-04-23,"Android Lollipop"
"http://dbpedia.org/resource/OnePlus_One","OnePlus One","OnePlus Technology  Co., Ltd.",2013-12-16,2014-04-23,"Android Marshmallow"
"http://dbpedia.org/resource/Oppo_Find_X","Oppo Find X","OPPO",2004-10-10,2018-07-18,"Android"
"http://dbpedia.org/resource/Oppo_Find_X2","Oppo Find X2","OPPO",2004-10-10,2020-03-06,"ColorOS"
"http://dbpedia.org/resource/Oppo_Find_X2","Oppo Find X2","OPPO",2004-10-10,2020-03-06,"Android 10"
"http://dbpedia.org/resource/Realme_3","Realme 3","Realme Mobile Telecommunications Corp., Ltd.",2018-05-04,2019-03-04,"Android"
"http://dbpedia.org/resource/Realme_3","Realme 3","Realme Mobile Telecommunications Corp., Ltd.",2018-05-04,2019-04-22,"Android"
"http://dbpedia.org/resource/Realme_3","Realme 3","Realme Mobile Telecommunications Corp., Ltd.",2018-05-04,2019-07-15,"Android"
"http://dbpedia.org/resource/Realme_3","Realme 3","Realme Mobile Telecommunications Corp., Ltd.",2018-05-04,2019-03-04,"Android 10"
"http://dbpedia.org/resource/Realme_3","Realme 3","Realme Mobile Telecommunications Corp., Ltd.",2018-05-04,2019-04-22,"Android 10"
"http://dbpedia.org/resource/Realme_3","Realme 3","Realme Mobile Telecommunications Corp., Ltd.",2018-05-04,2019-07-15,"Android 10"
"http://dbpedia.org/resource/Realme_3","Realme 3","Realme Mobile Telecommunications Corp., Ltd.",2018-05-04,2019-03-04,"Android 11"
"http://dbpedia.org/resource/Realme_3","Realme 3","Realme Mobile Telecommunications Corp., Ltd.",2018-05-04,2019-04-22,"Android 11"
"http://dbpedia.org/resource/Realme_3","Realme 3","Realme Mobile Telecommunications Corp., Ltd.",2018-05-04,2019-07-15,"Android 11"
"http://dbpedia.org/resource/Realme_5","Realme 5","Realme Mobile Telecommunications Corp., Ltd.",2018-05-04,2019-08-20,"ColorOS"
"http://dbpedia.org/resource/Realme_5_Pro","Realme 5 Pro","Realme Mobile Telecommunications Corp., Ltd.",2018-05-04,2019-08-20,"ColorOS"
"http://dbpedia.org/resource/Realme_C3","Realme C3","Realme Mobile Telecommunications Corp., Ltd.",2018-05-04,2020-02-06,"Android 10"
"http://dbpedia.org/resource/Realme_C3","Realme C3","Realme Mobile Telecommunications Corp., Ltd.",2018-05-04,2020-02-19,"Android 10"
"http://dbpedia.org/resource/Realme_C3","Realme C3","Realme Mobile Telecommunications Corp., Ltd.",2018-05-04,2020-05-11,"Android 10"
"http://dbpedia.org/resource/Realme_C3","Realme C3","Realme Mobile Telecommunications Corp., Ltd.",2018-05-04,2020-06-24,"Android 10"
"http://dbpedia.org/resource/Realme_C3","Realme C3","Realme Mobile Telecommunications Corp., Ltd.",2018-05-04,2020-02-06,"Android 11"
"http://dbpedia.org/resource/Realme_C3","Realme C3","Realme Mobile Telecommunications Corp., Ltd.",2018-05-04,2020-02-19,"Android 11"
"http://dbpedia.org/resource/Realme_C3","Realme C3","Realme Mobile Telecommunications Corp., Ltd.",2018-05-04,2020-05-11,"Android 11"
"http://dbpedia.org/resource/Realme_C3","Realme C3","Realme Mobile Telecommunications Corp., Ltd.",2018-05-04,2020-06-24,"Android 11"
"http://dbpedia.org/resource/Xiaomi_11T","Xiaomi 11T","Xiaomi",2010-04-06,2021-09-15,"Android"
"http://dbpedia.org/resource/Xiaomi_11T","Xiaomi 11T","Xiaomi Corporation",2010-04-06,2021-09-15,"Android"
"http://dbpedia.org/resource/Xiaomi_11T","Xiaomi 11T","Xiaomi",2010-04-06,2021-09-15,"Android 12"
"http://dbpedia.org/resource/Xiaomi_11T","Xiaomi 11T","Xiaomi Corporation",2010-04-06,2021-09-15,"Android 12"
"http://dbpedia.org/resource/Xiaomi_MIX_4","Xiaomi MIX 4","Xiaomi",2010-04-06,2021-08-16,"MIUI"
"http://dbpedia.org/resource/Xiaomi_MIX_4","Xiaomi MIX 4","Xiaomi Corporation",2010-04-06,2021-08-16,"MIUI"
"http://dbpedia.org/resource/Xiaomi_MIX_Fold_2","Xiaomi MIX Fold 2","Xiaomi",2010-04-06,2022-08-11,"Android 12"
"http://dbpedia.org/resource/Xiaomi_MIX_Fold_2","Xiaomi MIX Fold 2","Xiaomi Corporation",2010-04-06,2022-08-11,"Android 12"
"http://dbpedia.org/resource/Xiaomi_Mi_MIX","Xiaomi Mi MIX","Xiaomi",2010-04-06,2016-11-04,"Android Marshmallow"
"http://dbpedia.org/resource/Xiaomi_Mi_MIX","Xiaomi Mi MIX","Xiaomi Corporation",2010-04-06,2016-11-04,"Android Marshmallow"
"http://dbpedia.org/resource/Xiaomi_Mi_MIX","Xiaomi Mi MIX","Xiaomi",2010-04-06,2016-11-04,"MIUI"
"http://dbpedia.org/resource/Xiaomi_Mi_MIX","Xiaomi Mi MIX","Xiaomi Corporation",2010-04-06,2016-11-04,"MIUI"
"http://dbpedia.org/resource/Xiaomi_Mi_MIX_2S","Xiaomi Mi MIX 2S","Xiaomi",2010-04-06,2018-04-26,"Android"
"http://dbpedia.org/resource/Xiaomi_Mi_MIX_2S","Xiaomi Mi MIX 2S","Xiaomi Corporation",2010-04-06,2018-04-26,"Android"
"http://dbpedia.org/resource/Xiaomi_Mi_MIX_3","Xiaomi Mi MIX 3","Xiaomi",2010-04-06,2018-11-11,"Android Pie"
"http://dbpedia.org/resource/Xiaomi_Mi_MIX_3","Xiaomi Mi MIX 3","Xiaomi Corporation",2010-04-06,2018-11-11,"Android Pie"
"http://dbpedia.org/resource/Xiaomi_Pad_5","Xiaomi Pad 5","Xiaomi",2010-04-06,2021-08-10,"Android 11"
"http://dbpedia.org/resource/Xiaomi_Pad_5","Xiaomi Pad 5","Xiaomi Corporation",2010-04-06,2021-08-10,"Android 11"
"http://dbpedia.org/resource/Xiaomi_Pad_5","Xiaomi Pad 5","Xiaomi",2010-04-06,2022-08-11,"Android 11"
"http://dbpedia.org/resource/Xiaomi_Pad_5","Xiaomi Pad 5","Xiaomi Corporation",2010-04-06,2022-08-11,"Android 11"
"http://dbpedia.org/resource/Xiaomi_Pad_5","Xiaomi Pad 5","Xiaomi",2010-04-06,2021-08-10,"Android 12"
"http://dbpedia.org/resource/Xiaomi_Pad_5","Xiaomi Pad 5","Xiaomi Corporation",2010-04-06,2021-08-10,"Android 12"
"http://dbpedia.org/resource/Xiaomi_Pad_5","Xiaomi Pad 5","Xiaomi",2010-04-06,2022-08-11,"Android 12"
"http://dbpedia.org/resource/Xiaomi_Pad_5","Xiaomi Pad 5","Xiaomi Corporation",2010-04-06,2022-08-11,"Android 12"
"http://dbpedia.org/resource/OnePlus_2","OnePlus 2",,,2015-07-28,"Android"
"http://dbpedia.org/resource/Oppo_N1","Oppo N1",,,2013-12-10,"Android"
"http://dbpedia.org/resource/Xiaomi_Mi_CC9_Pro","Xiaomi Mi CC9 Pro",,,2019-11-11,"Android 11"
"http://dbpedia.org/resource/OnePlus_X","OnePlus X",,,2015-10-29,"Android Lollipop"
"http://dbpedia.org/resource/OnePlus_X","OnePlus X",,,2015-10-29,"Android Marshmallow"
"http://dbpedia.org/resource/Xiaomi_Mi_CC9_Pro","Xiaomi Mi CC9 Pro",,,2019-11-11,"Android Pie"
"http://dbpedia.org/resource/Xiaomi_Mi_10","Xiaomi Mi 10",,,2020-02-14,"MIUI"
"http://dbpedia.org/resource/Xiaomi_Mi_10","Xiaomi Mi 10",,,2020-02-18,"MIUI"
"http://dbpedia.org/resource/Xiaomi_Mi_10T","Xiaomi Mi 10T",,,2020-09-30,"MIUI"
"http://dbpedia.org/resource/Xiaomi_Mi_10_Ultra","Xiaomi Mi 10 Ultra",,,2020-08-16,"MIUI"
"http://dbpedia.org/resource/Xiaomi_Mi_11_Ultra","Xiaomi Mi 11 Ultra",,,2021-03-29,"MIUI"
"http://dbpedia.org/resource/Xiaomi_Mi_CC9_Pro","Xiaomi Mi CC9 Pro",,,2019-11-11,"MIUI"
"http://dbpedia.org/resource/Oppo_N1","Oppo N1",,,2013-12-10,"CyanogenMod"
"http://dbpedia.org/resource/OnePlus_3","OnePlus 3",,,2016-06-14,"OppoOS"
"http://dbpedia.org/resource/OnePlus_5T","OnePlus 5T",,,2017-11-21,"OppoOS"
"http://dbpedia.org/resource/Oppo_F9","Oppo F9","OPPO",2004-10-10,2018-08-15,
"http://dbpedia.org/resource/Oppo_F7","Oppo F7",,,2018-03-26,
"http://dbpedia.org/resource/Oppo_R11","Oppo R11",,,2017-05-20,
"http://dbpedia.org/resource/Oppo_R15_Pro","Oppo R15 Pro",,,2018-03-31,
"http://dbpedia.org/resource/Oppo_R17","Oppo R17",,,2018-08-23,
"http://dbpedia.org/resource/Oppo_R17","Oppo R17",,,2018-10-10,
"http://dbpedia.org/resource/Oppo_R7","Oppo R7",,,2015-05-20,
"http://dbpedia.org/resource/OnePlus_Nord_N10_5G","OnePlus Nord N10 5G","OnePlus Technology  Co., Ltd.",2013-12-16,,"Android 10"
"http://dbpedia.org/resource/OnePlus_7T","OnePlus 7T","OnePlus Technology  Co., Ltd.",2013-12-16,,"OppoOS"
"http://dbpedia.org/resource/OnePlus_Ace","OnePlus Ace","OnePlus Technology  Co., Ltd.",2013-12-16,,"Android 12"
"http://dbpedia.org/resource/OnePlus_Nord_N100","OnePlus Nord N100","OnePlus Technology  Co., Ltd.",2013-12-16,,"Android 10"
"http://dbpedia.org/resource/Oppo_Reno2","Oppo Reno2","OPPO",2004-10-10,,"ColorOS"
"http://dbpedia.org/resource/Oppo_Find_X5","Oppo Find X5","OPPO",2004-10-10,,"ColorOS"
"http://dbpedia.org/resource/Oppo_Find_X3","Oppo Find X3","OPPO",2004-10-10,,"Android 11"
"http://dbpedia.org/resource/Oppo_Find_X5","Oppo Find X5","OPPO",2004-10-10,,"Android 12"
"http://dbpedia.org/resource/Oppo_Reno","Oppo Reno","OPPO",2004-10-10,,"Android Pie"
"http://dbpedia.org/resource/Oppo_Find_X3","Oppo Find X3","OPPO",2004-10-10,,"ColorOS"
"http://dbpedia.org/resource/Realme_Narzo_30_Pro","Realme Narzo 30 Pro","Realme Mobile Telecommunications Corp., Ltd.",2018-05-04,,"Android 10"
"http://dbpedia.org/resource/Realme_Narzo_20_Pro","Realme Narzo 20 Pro","Realme Mobile Telecommunications Corp., Ltd.",2018-05-04,,"Android 10"
"http://dbpedia.org/resource/Realme_X2_Pro","Realme X2 Pro","Realme Mobile Telecommunications Corp., Ltd.",2018-05-04,,"Android 11"
"http://dbpedia.org/resource/Realme_X2_Pro","Realme X2 Pro","Realme Mobile Telecommunications Corp., Ltd.",2018-05-04,,"Android 10"
"http://dbpedia.org/resource/Realme_X2_Pro","Realme X2 Pro","Realme Mobile Telecommunications Corp., Ltd.",2018-05-04,,"Android Pie"
"http://dbpedia.org/resource/Xiaomi_Mi_MIX_2","Xiaomi Mi MIX 2","Xiaomi",2010-04-06,,"Android"
"http://dbpedia.org/resource/Xiaomi_Mi_MIX_2","Xiaomi Mi MIX 2","Xiaomi Corporation",2010-04-06,,"Android"
"http://dbpedia.org/resource/Xiaomi_Mi_MIX_Alpha","Xiaomi Mi MIX Alpha","Xiaomi",2010-04-06,,"Android 10"
"http://dbpedia.org/resource/Xiaomi_Mi_MIX_Alpha","Xiaomi Mi MIX Alpha","Xiaomi Corporation",2010-04-06,,"Android 10"
"http://dbpedia.org/resource/Xiaomi_Mi_MIX_Alpha","Xiaomi Mi MIX Alpha","Xiaomi",2010-04-06,,"MIUI"
"http://dbpedia.org/resource/Xiaomi_Mi_MIX_Alpha","Xiaomi Mi MIX Alpha","Xiaomi Corporation",2010-04-06,,"MIUI"
"http://dbpedia.org/resource/Xiaomi_Pocophone_F1","Xiaomi Pocophone F1",,,,"Ubuntu Touch"
"http://dbpedia.org/resource/Xiaomi_Mi_Pad","Xiaomi Mi Pad",,,,"Android"
"http://dbpedia.org/resource/Xiaomi_Mi_4c","Xiaomi Mi 4c",,,,"Android 10"
"http://dbpedia.org/resource/Xiaomi_Mi_A2","Xiaomi Mi A2",,,,"Android 10"
"http://dbpedia.org/resource/Xiaomi_Mi_A2_Lite","Xiaomi Mi A2 Lite",,,,"Android 10"
"http://dbpedia.org/resource/Xiaomi_Mi_A3","Xiaomi Mi A3",,,,"Android 11"
"http://dbpedia.org/resource/Xiaomi_Pocophone_F1","Xiaomi Pocophone F1",,,,"Android 13"
"http://dbpedia.org/resource/Xiaomi_Mi_4c","Xiaomi Mi 4c",,,,"Android Lollipop"
"http://dbpedia.org/resource/Oppo_F1","Oppo F1",,,,"Android Lollipop"
"http://dbpedia.org/resource/Xiaomi_Mi_4c","Xiaomi Mi 4c",,,,"Android Nougat"
"http://dbpedia.org/resource/Xiaomi_Mi_A2","Xiaomi Mi A2",,,,"Android Oreo"
"http://dbpedia.org/resource/Xiaomi_Mi_A2_Lite","Xiaomi Mi A2 Lite",,,,"Android Oreo"
"http://dbpedia.org/resource/Xiaomi_Mi_A3","Xiaomi Mi A3",,,,"Android Pie"
"http://dbpedia.org/resource/Xiaomi_Mi_11","Xiaomi Mi 11",,,,"MIUI"
"http://dbpedia.org/resource/Xiaomi_Mi_4","Xiaomi Mi 4",,,,"MIUI"
"http://dbpedia.org/resource/Xiaomi_Mi_4i","Xiaomi Mi 4i",,,,"MIUI"
"http://dbpedia.org/resource/Xiaomi_Mi_8","Xiaomi Mi 8",,,,"MIUI"
"http://dbpedia.org/resource/Xiaomi_Mi_8_EE","Xiaomi Mi 8 EE",,,,"MIUI"
"http://dbpedia.org/resource/Xiaomi_Mi_9","Xiaomi Mi 9",,,,"MIUI"
"http://dbpedia.org/resource/Xiaomi_Mi_4","Xiaomi Mi 4",,,,"Windows 10 Mobile"
"http://dbpedia.org/resource/Xiaomi_Pocophone_F1","Xiaomi Pocophone F1",,,,"postmarketOS"
"http://dbpedia.org/resource/Realme_7_Pro","Realme 7 Pro","Realme Mobile Telecommunications Corp., Ltd.",2018-05-04,,
"http://dbpedia.org/resource/Realme_7","Realme 7",,,,
"http://dbpedia.org/resource/Xiaomi_Mi_1","Xiaomi Mi 1",,,,
"http://dbpedia.org/resource/Xiaomi_Mi_2","Xiaomi Mi 2",,,,
"http://dbpedia.org/resource/Xiaomi_Mi_2A","Xiaomi Mi 2A",,,,
"http://dbpedia.org/resource/Xiaomi_Mi_2S","Xiaomi Mi 2S",,,,
"http://dbpedia.org/resource/Xiaomi_Mi_3","Xiaomi Mi 3",,,,
"http://dbpedia.org/resource/Xiaomi_Mi_Band","Xiaomi Mi Band",,,,
"http://dbpedia.org/resource/Xiaomi_Mi_Band_2","Xiaomi Mi Band 2",,,,
"http://dbpedia.org/resource/Xiaomi_Mi_Band_3","Xiaomi Mi Band 3",,,,
"http://dbpedia.org/resource/Xiaomi_Mi_Note","Xiaomi Mi Note",,,,
"http://dbpedia.org/resource/Xiaomi_Mi_Smart_Band_4","Xiaomi Mi Smart Band 4",,,,
"http://dbpedia.org/resource/Xiaomi_Mi_Smart_Band_5","Xiaomi Mi Smart Band 5",,,,
"http://dbpedia.org/resource/Xiaomi_Mi_Smart_Band_6","Xiaomi Mi Smart Band 6",,,,
"http://dbpedia.org/resource/Xiaomi_Redmi_Note_3","Xiaomi Redmi Note 3",,,,
"http://dbpedia.org/resource/Xiaomi_Smart_Band_7","Xiaomi Smart Band 7",,,,
"http://dbpedia.org/resource/Magic_Keyboard_for_iPad","Magic Keyboard for iPad",,,,
"http://dbpedia.org/resource/Samsung_Galaxy_A3_(2014)","Samsung Galaxy A3 (2014)",,,,
"http://dbpedia.org/resource/Samsung_Galaxy_A7_(2014)","Samsung Galaxy A7 (2014)",,,,
"http://dbpedia.org/resource/Samsung_Galaxy_Fit","Samsung Galaxy Fit",,,,
"http://dbpedia.org/resource/Samsung_Galaxy_S","Samsung Galaxy S",,,,
"http://dbpedia.org/resource/Samsung_Galaxy_Pocket_Duos","Samsung Galaxy Pocket Duos",,,,"Android"
"http://dbpedia.org/resource/Xiaomi_Redmi_2","Xiaomi Redmi 2",,,,
"http://dbpedia.org/resource/Xiaomi_mi_note_pro","Xiaomi mi note pro",,,,
"http://dbpedia.org/resource/Xiaomi_redmi_note_2_pro","Xiaomi redmi note 2 pro",,,,
"http://dbpedia.org/resource/Samsung_Galaxy_Pocket","Samsung Galaxy Pocket",,,,"Android"
"http://dbpedia.org/resource/Samsung_Galaxy_S6","Samsung Galaxy S6",,,,
"http://dbpedia.org/resource/Xiaomi_Mi_5c","Xiaomi Mi 5c",,,,
"http://dbpedia.org/resource/Xiaomi_Mi_9_Pro","Xiaomi Mi 9 Pro",,,,"MIUI"
"http://dbpedia.org/resource/Samsung_Galaxy_A5_(2014)","Samsung Galaxy A5 (2014)",,,,
"http://dbpedia.org/resource/Samsung_Galaxy_Active_Neo","Samsung Galaxy Active Neo",,,,
"http://dbpedia.org/resource/Xiaomi_Redmi_3","Xiaomi Redmi 3",,,,
