<Dataset id="dbpedia_d7ec784c6a2affd2" type="csv" uriProperty="">
  <MetaData>
    <Label>dbpedia</Label>
    <Description xml:space="preserve"><![CDATA[]]></Description>
    <Modified>2024-10-18T14:29:53.725352Z</Modified>
    <Created>2024-10-18T14:29:53.725352Z</Created>
    <Tags> </Tags>
  </MetaData>
  <Param name="zipFileRegex" xml:space="preserve"><![CDATA[.*\.csv$]]></Param>
  <Param name="arraySeparator" xml:space="preserve"><![CDATA[]]></Param>
  <Param name="quoteEscapeCharacter" xml:space="preserve"><![CDATA["]]></Param>
  <Param name="separator" xml:space="preserve"><![CDATA[,]]></Param>
  <Param name="uri" xml:space="preserve"><![CDATA[{uri}]]></Param>
  <Param name="ignoreBadLines" xml:space="preserve"><![CDATA[false]]></Param>
  <Param name="quote" xml:space="preserve"><![CDATA["]]></Param>
  <Param name="properties" xml:space="preserve"><![CDATA[]]></Param>
  <Param name="regexFilter" xml:space="preserve"><![CDATA[]]></Param>
  <Param name="charset" xml:space="preserve"><![CDATA[UTF-8]]></Param>
  <Param name="file" xml:space="preserve"><![CDATA[dbpedia.csv]]></Param>
  <Param name="linesToSkip" xml:space="preserve"><![CDATA[0]]></Param>
  <Param name="maxCharsPerColumn" xml:space="preserve"><![CDATA[128000]]></Param>
</Dataset>
