<Dataset id="linked_output_cd786f436261c977" type="file" uriProperty="">
  <MetaData>
    <Label>linked_output</Label>
    <Description xml:space="preserve"><![CDATA[]]></Description>
    <Modified>2024-10-20T08:27:06.907511Z</Modified>
    <Created>2024-10-18T14:30:40.936315Z</Created>
    <Tags> </Tags>
  </MetaData>
  <Param name="zipFileRegex" xml:space="preserve"><![CDATA[.*]]></Param>
  <Param name="format" xml:space="preserve"><![CDATA[N-Triples]]></Param>
  <Param name="file" xml:space="preserve"><![CDATA[linked_output.nt]]></Param>
  <Param name="graph" xml:space="preserve"><![CDATA[]]></Param>
  <Param name="entityList" xml:space="preserve"><![CDATA[]]></Param>
</Dataset>
