<rdf:RDF xmlns:align="http://knowledgeweb.semanticweb.org/heterogeneity/alignment#" xmlns:xsd="http://www.w3.org/2001/XMLSchema#" xmlns:rdf="http://www.w3.org/1999/02/22-rdf-syntax-ns#" xmlns="http://knowledgeweb.semanticweb.org/heterogeneity/alignment#">
  <Alignment>
    <map>
      <Cell>
        <entity1 rdf:resource="http%3A%2F%2Fwww.semanticweb.org%2Fhust%2Fmaster%2F2024%2F10%2Fontologies%2Fsmartphone.owl%2Fdevice%2FPixel_6a"/>
        <entity2 rdf:resource="http%3A%2F%2Fdbpedia.org%2Fresource%2FPixel_6a"/>
        <relation>=</relation>
        <measure rdf:datatype="http://www.w3.org/2001/XMLSchema#float">0.0</measure>
      </Cell>
    </map>
    <map>
      <Cell>
        <entity1 rdf:resource="http%3A%2F%2Fwww.semanticweb.org%2Fhust%2Fmaster%2F2024%2F10%2Fontologies%2Fsmartphone.owl%2Fdevice%2FPixel_C"/>
        <entity2 rdf:resource="http%3A%2F%2Fdbpedia.org%2Fresource%2FPixel_C"/>
        <relation>=</relation>
        <measure rdf:datatype="http://www.w3.org/2001/XMLSchema#float">0.0</measure>
      </Cell>
    </map>
    <map>
      <Cell>
        <entity1 rdf:resource="http%3A%2F%2Fwww.semanticweb.org%2Fhust%2Fmaster%2F2024%2F10%2Fontologies%2Fsmartphone.owl%2Fdevice%2FPixel_7"/>
        <entity2 rdf:resource="http%3A%2F%2Fdbpedia.org%2Fresource%2FPixel_7"/>
        <relation>=</relation>
        <measure rdf:datatype="http://www.w3.org/2001/XMLSchema#float">0.0</measure>
      </Cell>
    </map>
    <map>
      <Cell>
        <entity1 rdf:resource="http%3A%2F%2Fwww.semanticweb.org%2Fhust%2Fmaster%2F2024%2F10%2Fontologies%2Fsmartphone.owl%2Fdevice%2FPixel_2"/>
        <entity2 rdf:resource="http%3A%2F%2Fdbpedia.org%2Fresource%2FPixel_2"/>
        <relation>=</relation>
        <measure rdf:datatype="http://www.w3.org/2001/XMLSchema#float">0.0</measure>
      </Cell>
    </map>
    <map>
      <Cell>
        <entity1 rdf:resource="http%3A%2F%2Fwww.semanticweb.org%2Fhust%2Fmaster%2F2024%2F10%2Fontologies%2Fsmartphone.owl%2Fdevice%2FPixel_6"/>
        <entity2 rdf:resource="http%3A%2F%2Fdbpedia.org%2Fresource%2FPixel_6"/>
        <relation>=</relation>
        <measure rdf:datatype="http://www.w3.org/2001/XMLSchema#float">0.0</measure>
      </Cell>
    </map>
    <map>
      <Cell>
        <entity1 rdf:resource="http%3A%2F%2Fwww.semanticweb.org%2Fhust%2Fmaster%2F2024%2F10%2Fontologies%2Fsmartphone.owl%2Fdevice%2FPixel_3"/>
        <entity2 rdf:resource="http%3A%2F%2Fdbpedia.org%2Fresource%2FPixel_3"/>
        <relation>=</relation>
        <measure rdf:datatype="http://www.w3.org/2001/XMLSchema#float">0.0</measure>
      </Cell>
    </map>
    <map>
      <Cell>
        <entity1 rdf:resource="http%3A%2F%2Fwww.semanticweb.org%2Fhust%2Fmaster%2F2024%2F10%2Fontologies%2Fsmartphone.owl%2Fdevice%2FPixel_4"/>
        <entity2 rdf:resource="http%3A%2F%2Fdbpedia.org%2Fresource%2FPixel_4"/>
        <relation>=</relation>
        <measure rdf:datatype="http://www.w3.org/2001/XMLSchema#float">0.0</measure>
      </Cell>
    </map>
    <map>
      <Cell>
        <entity1 rdf:resource="http%3A%2F%2Fwww.semanticweb.org%2Fhust%2Fmaster%2F2024%2F10%2Fontologies%2Fsmartphone.owl%2Fdevice%2FPixel_3a"/>
        <entity2 rdf:resource="http%3A%2F%2Fdbpedia.org%2Fresource%2FPixel_3a"/>
        <relation>=</relation>
        <measure rdf:datatype="http://www.w3.org/2001/XMLSchema#float">0.0</measure>
      </Cell>
    </map>
    <map>
      <Cell>
        <entity1 rdf:resource="http%3A%2F%2Fwww.semanticweb.org%2Fhust%2Fmaster%2F2024%2F10%2Fontologies%2Fsmartphone.owl%2Fdevice%2FPixel_4a"/>
        <entity2 rdf:resource="http%3A%2F%2Fdbpedia.org%2Fresource%2FPixel_4a"/>
        <relation>=</relation>
        <measure rdf:datatype="http://www.w3.org/2001/XMLSchema#float">0.0</measure>
      </Cell>
    </map>
  </Alignment>
</rdf:RDF>
