<Interlink id="linker_6f2ba942ceb743ca" linkLimit="1000000" matchingExecutionTimeout="3600">
  <MetaData>
    <Label>linker</Label>
    <Description xml:space="preserve"><![CDATA[]]></Description>
    <Modified>2024-10-22T15:45:25.920176Z</Modified>
    <Created>2024-10-18T14:31:18.529231Z</Created>
    <Tags> </Tags>
  </MetaData>
  <SourceDataset dataSource="source_f13287406bec7f83" var="a" typeUri="">
    <RestrictTo xml:space="preserve">
          
        </RestrictTo>
  </SourceDataset>
  <TargetDataset dataSource="dbpedia_d7ec784c6a2affd2" var="b" typeUri="">
    <RestrictTo xml:space="preserve">
          
        </RestrictTo>
  </TargetDataset>
  <LinkageRule linkType="&lt;http://www.w3.org/2002/07/owl#sameAs&gt;">
    <Compare id="jaccard" weight="1" metric="jaccard" threshold="0.2" indexing="true">
      <TransformInput id="tokenize_3" function="tokenize">
        <TransformInput id="lowerCase" function="lowerCase">
          <Input id="sourcePathInput" path="name"/>
        </TransformInput>
        <Param name="regex" xml:space="preserve"><![CDATA[\s]]></Param>
      </TransformInput>
      <TransformInput id="tokenize_4" function="tokenize">
        <TransformInput id="regexReplace" function="regexReplace">
          <TransformInput id="lowerCase_2" function="lowerCase">
            <Input id="targetPathInput" path="name"/>
          </TransformInput>
          <Param name="regex" xml:space="preserve"><![CDATA[xiaomi\s|samsung\s]]></Param>
          <Param name="replace" xml:space="preserve"><![CDATA[]]></Param>
        </TransformInput>
        <Param name="regex" xml:space="preserve"><![CDATA[\s]]></Param>
      </TransformInput>
    </Compare>
    <Filter/>
    <RuleLayout>
      <NodePositions>
        <NodePos id="targetPathInput" x="-210" y="240"/>
        <NodePos id="sourcePathInput" x="-195" y="0"/>
        <NodePos id="lowerCase_2" x="70" y="295"/>
        <NodePos id="jaccard" x="975" y="180"/>
        <NodePos id="lowerCase" x="150" y="60"/>
        <NodePos id="tokenize_4" x="675" y="330"/>
        <NodePos id="tokenize_3" x="480" y="15"/>
        <NodePos id="regexReplace" x="375" y="300"/>
      </NodePositions>
    </RuleLayout>
    <UiAnnotations>
      <StickyNotes> </StickyNotes>
    </UiAnnotations>
  </LinkageRule>
  <Outputs>
    <Output id="linked_output_cd786f436261c977"></Output>
  </Outputs>
</Interlink>
